"","region_name","TB_compartment","DR_compartment","HIV_compartment","G_compartment","compartment_id","dcompartment_id","total_pop"
"1","Mpumalanga",1,1,1,1,"N_ 1 _ 1 _ 1 _ 1","dN_ 1 _ 1 _ 1 _ 1",25744.7359136558
"2","Mpumalanga",1,1,1,2,"N_ 1 _ 1 _ 1 _ 2","dN_ 1 _ 1 _ 1 _ 2",26791.6485479837
"3","Mpumalanga",1,1,2,1,"N_ 1 _ 1 _ 2 _ 1","dN_ 1 _ 1 _ 2 _ 1",0
"4","Mpumalanga",1,1,2,2,"N_ 1 _ 1 _ 2 _ 2","dN_ 1 _ 1 _ 2 _ 2",0
"5","Mpumalanga",1,1,3,1,"N_ 1 _ 1 _ 3 _ 1","dN_ 1 _ 1 _ 3 _ 1",0
"6","Mpumalanga",1,1,3,2,"N_ 1 _ 1 _ 3 _ 2","dN_ 1 _ 1 _ 3 _ 2",0
"7","Mpumalanga",1,1,4,1,"N_ 1 _ 1 _ 4 _ 1","dN_ 1 _ 1 _ 4 _ 1",0
"8","Mpumalanga",1,1,4,2,"N_ 1 _ 1 _ 4 _ 2","dN_ 1 _ 1 _ 4 _ 2",0
"9","Mpumalanga",1,2,1,1,"N_ 1 _ 2 _ 1 _ 1","dN_ 1 _ 2 _ 1 _ 1",0
"10","Mpumalanga",1,2,1,2,"N_ 1 _ 2 _ 1 _ 2","dN_ 1 _ 2 _ 1 _ 2",0
"11","Mpumalanga",1,2,2,1,"N_ 1 _ 2 _ 2 _ 1","dN_ 1 _ 2 _ 2 _ 1",0
"12","Mpumalanga",1,2,2,2,"N_ 1 _ 2 _ 2 _ 2","dN_ 1 _ 2 _ 2 _ 2",0
"13","Mpumalanga",1,2,3,1,"N_ 1 _ 2 _ 3 _ 1","dN_ 1 _ 2 _ 3 _ 1",0
"14","Mpumalanga",1,2,3,2,"N_ 1 _ 2 _ 3 _ 2","dN_ 1 _ 2 _ 3 _ 2",0
"15","Mpumalanga",1,2,4,1,"N_ 1 _ 2 _ 4 _ 1","dN_ 1 _ 2 _ 4 _ 1",0
"16","Mpumalanga",1,2,4,2,"N_ 1 _ 2 _ 4 _ 2","dN_ 1 _ 2 _ 4 _ 2",0
"17","Mpumalanga",2,1,1,1,"N_ 2 _ 1 _ 1 _ 1","dN_ 2 _ 1 _ 1 _ 1",2947.56008878717
"18","Mpumalanga",2,1,1,2,"N_ 2 _ 1 _ 1 _ 2","dN_ 2 _ 1 _ 1 _ 2",3072.39447716035
"19","Mpumalanga",2,1,2,1,"N_ 2 _ 1 _ 2 _ 1","dN_ 2 _ 1 _ 2 _ 1",0
"20","Mpumalanga",2,1,2,2,"N_ 2 _ 1 _ 2 _ 2","dN_ 2 _ 1 _ 2 _ 2",0
"21","Mpumalanga",2,1,3,1,"N_ 2 _ 1 _ 3 _ 1","dN_ 2 _ 1 _ 3 _ 1",0
"22","Mpumalanga",2,1,3,2,"N_ 2 _ 1 _ 3 _ 2","dN_ 2 _ 1 _ 3 _ 2",0
"23","Mpumalanga",2,1,4,1,"N_ 2 _ 1 _ 4 _ 1","dN_ 2 _ 1 _ 4 _ 1",0
"24","Mpumalanga",2,1,4,2,"N_ 2 _ 1 _ 4 _ 2","dN_ 2 _ 1 _ 4 _ 2",0
"25","Mpumalanga",2,2,1,1,"N_ 2 _ 2 _ 1 _ 1","dN_ 2 _ 2 _ 1 _ 1",110.074858087488
"26","Mpumalanga",2,2,1,2,"N_ 2 _ 2 _ 1 _ 2","dN_ 2 _ 2 _ 1 _ 2",114.736723213457
"27","Mpumalanga",2,2,2,1,"N_ 2 _ 2 _ 2 _ 1","dN_ 2 _ 2 _ 2 _ 1",0
"28","Mpumalanga",2,2,2,2,"N_ 2 _ 2 _ 2 _ 2","dN_ 2 _ 2 _ 2 _ 2",0
"29","Mpumalanga",2,2,3,1,"N_ 2 _ 2 _ 3 _ 1","dN_ 2 _ 2 _ 3 _ 1",0
"30","Mpumalanga",2,2,3,2,"N_ 2 _ 2 _ 3 _ 2","dN_ 2 _ 2 _ 3 _ 2",0
"31","Mpumalanga",2,2,4,1,"N_ 2 _ 2 _ 4 _ 1","dN_ 2 _ 2 _ 4 _ 1",0
"32","Mpumalanga",2,2,4,2,"N_ 2 _ 2 _ 4 _ 2","dN_ 2 _ 2 _ 4 _ 2",0
"33","Mpumalanga",3,1,1,1,"N_ 3 _ 1 _ 1 _ 1","dN_ 3 _ 1 _ 1 _ 1",19159.1405771166
"34","Mpumalanga",3,1,1,2,"N_ 3 _ 1 _ 1 _ 2","dN_ 3 _ 1 _ 1 _ 2",19970.5641015423
"35","Mpumalanga",3,1,2,1,"N_ 3 _ 1 _ 2 _ 1","dN_ 3 _ 1 _ 2 _ 1",0
"36","Mpumalanga",3,1,2,2,"N_ 3 _ 1 _ 2 _ 2","dN_ 3 _ 1 _ 2 _ 2",0
"37","Mpumalanga",3,1,3,1,"N_ 3 _ 1 _ 3 _ 1","dN_ 3 _ 1 _ 3 _ 1",0
"38","Mpumalanga",3,1,3,2,"N_ 3 _ 1 _ 3 _ 2","dN_ 3 _ 1 _ 3 _ 2",0
"39","Mpumalanga",3,1,4,1,"N_ 3 _ 1 _ 4 _ 1","dN_ 3 _ 1 _ 4 _ 1",0
"40","Mpumalanga",3,1,4,2,"N_ 3 _ 1 _ 4 _ 2","dN_ 3 _ 1 _ 4 _ 2",0
"41","Mpumalanga",3,2,1,1,"N_ 3 _ 2 _ 1 _ 1","dN_ 3 _ 2 _ 1 _ 1",715.48657756867
"42","Mpumalanga",3,2,1,2,"N_ 3 _ 2 _ 1 _ 2","dN_ 3 _ 2 _ 1 _ 2",745.788700887472
"43","Mpumalanga",3,2,2,1,"N_ 3 _ 2 _ 2 _ 1","dN_ 3 _ 2 _ 2 _ 1",0
"44","Mpumalanga",3,2,2,2,"N_ 3 _ 2 _ 2 _ 2","dN_ 3 _ 2 _ 2 _ 2",0
"45","Mpumalanga",3,2,3,1,"N_ 3 _ 2 _ 3 _ 1","dN_ 3 _ 2 _ 3 _ 1",0
"46","Mpumalanga",3,2,3,2,"N_ 3 _ 2 _ 3 _ 2","dN_ 3 _ 2 _ 3 _ 2",0
"47","Mpumalanga",3,2,4,1,"N_ 3 _ 2 _ 4 _ 1","dN_ 3 _ 2 _ 4 _ 1",0
"48","Mpumalanga",3,2,4,2,"N_ 3 _ 2 _ 4 _ 2","dN_ 3 _ 2 _ 4 _ 2",0
"49","Mpumalanga",4,1,1,1,"N_ 4 _ 1 _ 1 _ 1","dN_ 4 _ 1 _ 1 _ 1",0
"50","Mpumalanga",4,1,1,2,"N_ 4 _ 1 _ 1 _ 2","dN_ 4 _ 1 _ 1 _ 2",0
"51","Mpumalanga",4,1,2,1,"N_ 4 _ 1 _ 2 _ 1","dN_ 4 _ 1 _ 2 _ 1",0
"52","Mpumalanga",4,1,2,2,"N_ 4 _ 1 _ 2 _ 2","dN_ 4 _ 1 _ 2 _ 2",0
"53","Mpumalanga",4,1,3,1,"N_ 4 _ 1 _ 3 _ 1","dN_ 4 _ 1 _ 3 _ 1",0
"54","Mpumalanga",4,1,3,2,"N_ 4 _ 1 _ 3 _ 2","dN_ 4 _ 1 _ 3 _ 2",0
"55","Mpumalanga",4,1,4,1,"N_ 4 _ 1 _ 4 _ 1","dN_ 4 _ 1 _ 4 _ 1",0
"56","Mpumalanga",4,1,4,2,"N_ 4 _ 1 _ 4 _ 2","dN_ 4 _ 1 _ 4 _ 2",0
"57","Mpumalanga",4,2,1,1,"N_ 4 _ 2 _ 1 _ 1","dN_ 4 _ 2 _ 1 _ 1",0
"58","Mpumalanga",4,2,1,2,"N_ 4 _ 2 _ 1 _ 2","dN_ 4 _ 2 _ 1 _ 2",0
"59","Mpumalanga",4,2,2,1,"N_ 4 _ 2 _ 2 _ 1","dN_ 4 _ 2 _ 2 _ 1",0
"60","Mpumalanga",4,2,2,2,"N_ 4 _ 2 _ 2 _ 2","dN_ 4 _ 2 _ 2 _ 2",0
"61","Mpumalanga",4,2,3,1,"N_ 4 _ 2 _ 3 _ 1","dN_ 4 _ 2 _ 3 _ 1",0
"62","Mpumalanga",4,2,3,2,"N_ 4 _ 2 _ 3 _ 2","dN_ 4 _ 2 _ 3 _ 2",0
"63","Mpumalanga",4,2,4,1,"N_ 4 _ 2 _ 4 _ 1","dN_ 4 _ 2 _ 4 _ 1",0
"64","Mpumalanga",4,2,4,2,"N_ 4 _ 2 _ 4 _ 2","dN_ 4 _ 2 _ 4 _ 2",0
"65","Mpumalanga",5,1,1,1,"N_ 5 _ 1 _ 1 _ 1","dN_ 5 _ 1 _ 1 _ 1",0
"66","Mpumalanga",5,1,1,2,"N_ 5 _ 1 _ 1 _ 2","dN_ 5 _ 1 _ 1 _ 2",0
"67","Mpumalanga",5,1,2,1,"N_ 5 _ 1 _ 2 _ 1","dN_ 5 _ 1 _ 2 _ 1",0
"68","Mpumalanga",5,1,2,2,"N_ 5 _ 1 _ 2 _ 2","dN_ 5 _ 1 _ 2 _ 2",0
"69","Mpumalanga",5,1,3,1,"N_ 5 _ 1 _ 3 _ 1","dN_ 5 _ 1 _ 3 _ 1",0
"70","Mpumalanga",5,1,3,2,"N_ 5 _ 1 _ 3 _ 2","dN_ 5 _ 1 _ 3 _ 2",0
"71","Mpumalanga",5,1,4,1,"N_ 5 _ 1 _ 4 _ 1","dN_ 5 _ 1 _ 4 _ 1",0
"72","Mpumalanga",5,1,4,2,"N_ 5 _ 1 _ 4 _ 2","dN_ 5 _ 1 _ 4 _ 2",0
"73","Mpumalanga",5,2,1,1,"N_ 5 _ 2 _ 1 _ 1","dN_ 5 _ 2 _ 1 _ 1",0
"74","Mpumalanga",5,2,1,2,"N_ 5 _ 2 _ 1 _ 2","dN_ 5 _ 2 _ 1 _ 2",0
"75","Mpumalanga",5,2,2,1,"N_ 5 _ 2 _ 2 _ 1","dN_ 5 _ 2 _ 2 _ 1",0
"76","Mpumalanga",5,2,2,2,"N_ 5 _ 2 _ 2 _ 2","dN_ 5 _ 2 _ 2 _ 2",0
"77","Mpumalanga",5,2,3,1,"N_ 5 _ 2 _ 3 _ 1","dN_ 5 _ 2 _ 3 _ 1",0
"78","Mpumalanga",5,2,3,2,"N_ 5 _ 2 _ 3 _ 2","dN_ 5 _ 2 _ 3 _ 2",0
"79","Mpumalanga",5,2,4,1,"N_ 5 _ 2 _ 4 _ 1","dN_ 5 _ 2 _ 4 _ 1",0
"80","Mpumalanga",5,2,4,2,"N_ 5 _ 2 _ 4 _ 2","dN_ 5 _ 2 _ 4 _ 2",0
"81","Mpumalanga",6,1,1,1,"N_ 6 _ 1 _ 1 _ 1","dN_ 6 _ 1 _ 1 _ 1",113.95832052536
"82","Mpumalanga",6,1,1,2,"N_ 6 _ 1 _ 1 _ 2","dN_ 6 _ 1 _ 1 _ 2",511.800265294631
"83","Mpumalanga",6,1,2,1,"N_ 6 _ 1 _ 2 _ 1","dN_ 6 _ 1 _ 2 _ 1",0
"84","Mpumalanga",6,1,2,2,"N_ 6 _ 1 _ 2 _ 2","dN_ 6 _ 1 _ 2 _ 2",0
"85","Mpumalanga",6,1,3,1,"N_ 6 _ 1 _ 3 _ 1","dN_ 6 _ 1 _ 3 _ 1",0
"86","Mpumalanga",6,1,3,2,"N_ 6 _ 1 _ 3 _ 2","dN_ 6 _ 1 _ 3 _ 2",0
"87","Mpumalanga",6,1,4,1,"N_ 6 _ 1 _ 4 _ 1","dN_ 6 _ 1 _ 4 _ 1",0
"88","Mpumalanga",6,1,4,2,"N_ 6 _ 1 _ 4 _ 2","dN_ 6 _ 1 _ 4 _ 2",0
"89","Mpumalanga",6,2,1,1,"N_ 6 _ 2 _ 1 _ 1","dN_ 6 _ 2 _ 1 _ 1",0.44186706972354
"90","Mpumalanga",6,2,1,2,"N_ 6 _ 2 _ 1 _ 2","dN_ 6 _ 2 _ 1 _ 2",1.66898110719427
"91","Mpumalanga",6,2,2,1,"N_ 6 _ 2 _ 2 _ 1","dN_ 6 _ 2 _ 2 _ 1",0
"92","Mpumalanga",6,2,2,2,"N_ 6 _ 2 _ 2 _ 2","dN_ 6 _ 2 _ 2 _ 2",0
"93","Mpumalanga",6,2,3,1,"N_ 6 _ 2 _ 3 _ 1","dN_ 6 _ 2 _ 3 _ 1",0
"94","Mpumalanga",6,2,3,2,"N_ 6 _ 2 _ 3 _ 2","dN_ 6 _ 2 _ 3 _ 2",0
"95","Mpumalanga",6,2,4,1,"N_ 6 _ 2 _ 4 _ 1","dN_ 6 _ 2 _ 4 _ 1",0
"96","Mpumalanga",6,2,4,2,"N_ 6 _ 2 _ 4 _ 2","dN_ 6 _ 2 _ 4 _ 2",0
"97","Mpumalanga",7,1,1,1,"N_ 7 _ 1 _ 1 _ 1","dN_ 7 _ 1 _ 1 _ 1",0
"98","Mpumalanga",7,1,1,2,"N_ 7 _ 1 _ 1 _ 2","dN_ 7 _ 1 _ 1 _ 2",0
"99","Mpumalanga",7,1,2,1,"N_ 7 _ 1 _ 2 _ 1","dN_ 7 _ 1 _ 2 _ 1",0
"100","Mpumalanga",7,1,2,2,"N_ 7 _ 1 _ 2 _ 2","dN_ 7 _ 1 _ 2 _ 2",0
"101","Mpumalanga",7,1,3,1,"N_ 7 _ 1 _ 3 _ 1","dN_ 7 _ 1 _ 3 _ 1",0
"102","Mpumalanga",7,1,3,2,"N_ 7 _ 1 _ 3 _ 2","dN_ 7 _ 1 _ 3 _ 2",0
"103","Mpumalanga",7,1,4,1,"N_ 7 _ 1 _ 4 _ 1","dN_ 7 _ 1 _ 4 _ 1",0
"104","Mpumalanga",7,1,4,2,"N_ 7 _ 1 _ 4 _ 2","dN_ 7 _ 1 _ 4 _ 2",0
"105","Mpumalanga",7,2,1,1,"N_ 7 _ 2 _ 1 _ 1","dN_ 7 _ 2 _ 1 _ 1",0
"106","Mpumalanga",7,2,1,2,"N_ 7 _ 2 _ 1 _ 2","dN_ 7 _ 2 _ 1 _ 2",0
"107","Mpumalanga",7,2,2,1,"N_ 7 _ 2 _ 2 _ 1","dN_ 7 _ 2 _ 2 _ 1",0
"108","Mpumalanga",7,2,2,2,"N_ 7 _ 2 _ 2 _ 2","dN_ 7 _ 2 _ 2 _ 2",0
"109","Mpumalanga",7,2,3,1,"N_ 7 _ 2 _ 3 _ 1","dN_ 7 _ 2 _ 3 _ 1",0
"110","Mpumalanga",7,2,3,2,"N_ 7 _ 2 _ 3 _ 2","dN_ 7 _ 2 _ 3 _ 2",0
"111","Mpumalanga",7,2,4,1,"N_ 7 _ 2 _ 4 _ 1","dN_ 7 _ 2 _ 4 _ 1",0
"112","Mpumalanga",7,2,4,2,"N_ 7 _ 2 _ 4 _ 2","dN_ 7 _ 2 _ 4 _ 2",0
"113","Western Cape",1,1,1,1,"N_ 1 _ 1 _ 1 _ 1","dN_ 1 _ 1 _ 1 _ 1",25522.2510763325
"114","Western Cape",1,1,1,2,"N_ 1 _ 1 _ 1 _ 2","dN_ 1 _ 1 _ 1 _ 2",25741.2417776498
"115","Western Cape",1,1,2,1,"N_ 1 _ 1 _ 2 _ 1","dN_ 1 _ 1 _ 2 _ 1",0
"116","Western Cape",1,1,2,2,"N_ 1 _ 1 _ 2 _ 2","dN_ 1 _ 1 _ 2 _ 2",0
"117","Western Cape",1,1,3,1,"N_ 1 _ 1 _ 3 _ 1","dN_ 1 _ 1 _ 3 _ 1",0
"118","Western Cape",1,1,3,2,"N_ 1 _ 1 _ 3 _ 2","dN_ 1 _ 1 _ 3 _ 2",0
"119","Western Cape",1,1,4,1,"N_ 1 _ 1 _ 4 _ 1","dN_ 1 _ 1 _ 4 _ 1",0
"120","Western Cape",1,1,4,2,"N_ 1 _ 1 _ 4 _ 2","dN_ 1 _ 1 _ 4 _ 2",0
"121","Western Cape",1,2,1,1,"N_ 1 _ 2 _ 1 _ 1","dN_ 1 _ 2 _ 1 _ 1",0
"122","Western Cape",1,2,1,2,"N_ 1 _ 2 _ 1 _ 2","dN_ 1 _ 2 _ 1 _ 2",0
"123","Western Cape",1,2,2,1,"N_ 1 _ 2 _ 2 _ 1","dN_ 1 _ 2 _ 2 _ 1",0
"124","Western Cape",1,2,2,2,"N_ 1 _ 2 _ 2 _ 2","dN_ 1 _ 2 _ 2 _ 2",0
"125","Western Cape",1,2,3,1,"N_ 1 _ 2 _ 3 _ 1","dN_ 1 _ 2 _ 3 _ 1",0
"126","Western Cape",1,2,3,2,"N_ 1 _ 2 _ 3 _ 2","dN_ 1 _ 2 _ 3 _ 2",0
"127","Western Cape",1,2,4,1,"N_ 1 _ 2 _ 4 _ 1","dN_ 1 _ 2 _ 4 _ 1",0
"128","Western Cape",1,2,4,2,"N_ 1 _ 2 _ 4 _ 2","dN_ 1 _ 2 _ 4 _ 2",0
"129","Western Cape",2,1,1,1,"N_ 2 _ 1 _ 1 _ 1","dN_ 2 _ 1 _ 1 _ 1",3205.8790200745
"130","Western Cape",2,1,1,2,"N_ 2 _ 1 _ 1 _ 2","dN_ 2 _ 1 _ 1 _ 2",2997.86601796452
"131","Western Cape",2,1,2,1,"N_ 2 _ 1 _ 2 _ 1","dN_ 2 _ 1 _ 2 _ 1",0
"132","Western Cape",2,1,2,2,"N_ 2 _ 1 _ 2 _ 2","dN_ 2 _ 1 _ 2 _ 2",0
"133","Western Cape",2,1,3,1,"N_ 2 _ 1 _ 3 _ 1","dN_ 2 _ 1 _ 3 _ 1",0
"134","Western Cape",2,1,3,2,"N_ 2 _ 1 _ 3 _ 2","dN_ 2 _ 1 _ 3 _ 2",0
"135","Western Cape",2,1,4,1,"N_ 2 _ 1 _ 4 _ 1","dN_ 2 _ 1 _ 4 _ 1",0
"136","Western Cape",2,1,4,2,"N_ 2 _ 1 _ 4 _ 2","dN_ 2 _ 1 _ 4 _ 2",0
"137","Western Cape",2,2,1,1,"N_ 2 _ 2 _ 1 _ 1","dN_ 2 _ 2 _ 1 _ 1",119.721623156309
"138","Western Cape",2,2,1,2,"N_ 2 _ 2 _ 1 _ 2","dN_ 2 _ 2 _ 1 _ 2",111.953502745563
"139","Western Cape",2,2,2,1,"N_ 2 _ 2 _ 2 _ 1","dN_ 2 _ 2 _ 2 _ 1",0
"140","Western Cape",2,2,2,2,"N_ 2 _ 2 _ 2 _ 2","dN_ 2 _ 2 _ 2 _ 2",0
"141","Western Cape",2,2,3,1,"N_ 2 _ 2 _ 3 _ 1","dN_ 2 _ 2 _ 3 _ 1",0
"142","Western Cape",2,2,3,2,"N_ 2 _ 2 _ 3 _ 2","dN_ 2 _ 2 _ 3 _ 2",0
"143","Western Cape",2,2,4,1,"N_ 2 _ 2 _ 4 _ 1","dN_ 2 _ 2 _ 4 _ 1",0
"144","Western Cape",2,2,4,2,"N_ 2 _ 2 _ 4 _ 2","dN_ 2 _ 2 _ 4 _ 2",0
"145","Western Cape",3,1,1,1,"N_ 3 _ 1 _ 1 _ 1","dN_ 3 _ 1 _ 1 _ 1",20838.2136304843
"146","Western Cape",3,1,1,2,"N_ 3 _ 1 _ 1 _ 2","dN_ 3 _ 1 _ 1 _ 2",19486.1291167694
"147","Western Cape",3,1,2,1,"N_ 3 _ 1 _ 2 _ 1","dN_ 3 _ 1 _ 2 _ 1",0
"148","Western Cape",3,1,2,2,"N_ 3 _ 1 _ 2 _ 2","dN_ 3 _ 1 _ 2 _ 2",0
"149","Western Cape",3,1,3,1,"N_ 3 _ 1 _ 3 _ 1","dN_ 3 _ 1 _ 3 _ 1",0
"150","Western Cape",3,1,3,2,"N_ 3 _ 1 _ 3 _ 2","dN_ 3 _ 1 _ 3 _ 2",0
"151","Western Cape",3,1,4,1,"N_ 3 _ 1 _ 4 _ 1","dN_ 3 _ 1 _ 4 _ 1",0
"152","Western Cape",3,1,4,2,"N_ 3 _ 1 _ 4 _ 2","dN_ 3 _ 1 _ 4 _ 2",0
"153","Western Cape",3,2,1,1,"N_ 3 _ 2 _ 1 _ 1","dN_ 3 _ 2 _ 1 _ 1",778.19055051601
"154","Western Cape",3,2,1,2,"N_ 3 _ 2 _ 1 _ 2","dN_ 3 _ 2 _ 1 _ 2",727.69776784616
"155","Western Cape",3,2,2,1,"N_ 3 _ 2 _ 2 _ 1","dN_ 3 _ 2 _ 2 _ 1",0
"156","Western Cape",3,2,2,2,"N_ 3 _ 2 _ 2 _ 2","dN_ 3 _ 2 _ 2 _ 2",0
"157","Western Cape",3,2,3,1,"N_ 3 _ 2 _ 3 _ 1","dN_ 3 _ 2 _ 3 _ 1",0
"158","Western Cape",3,2,3,2,"N_ 3 _ 2 _ 3 _ 2","dN_ 3 _ 2 _ 3 _ 2",0
"159","Western Cape",3,2,4,1,"N_ 3 _ 2 _ 4 _ 1","dN_ 3 _ 2 _ 4 _ 1",0
"160","Western Cape",3,2,4,2,"N_ 3 _ 2 _ 4 _ 2","dN_ 3 _ 2 _ 4 _ 2",0
"161","Western Cape",4,1,1,1,"N_ 4 _ 1 _ 1 _ 1","dN_ 4 _ 1 _ 1 _ 1",0
"162","Western Cape",4,1,1,2,"N_ 4 _ 1 _ 1 _ 2","dN_ 4 _ 1 _ 1 _ 2",0
"163","Western Cape",4,1,2,1,"N_ 4 _ 1 _ 2 _ 1","dN_ 4 _ 1 _ 2 _ 1",0
"164","Western Cape",4,1,2,2,"N_ 4 _ 1 _ 2 _ 2","dN_ 4 _ 1 _ 2 _ 2",0
"165","Western Cape",4,1,3,1,"N_ 4 _ 1 _ 3 _ 1","dN_ 4 _ 1 _ 3 _ 1",0
"166","Western Cape",4,1,3,2,"N_ 4 _ 1 _ 3 _ 2","dN_ 4 _ 1 _ 3 _ 2",0
"167","Western Cape",4,1,4,1,"N_ 4 _ 1 _ 4 _ 1","dN_ 4 _ 1 _ 4 _ 1",0
"168","Western Cape",4,1,4,2,"N_ 4 _ 1 _ 4 _ 2","dN_ 4 _ 1 _ 4 _ 2",0
"169","Western Cape",4,2,1,1,"N_ 4 _ 2 _ 1 _ 1","dN_ 4 _ 2 _ 1 _ 1",0
"170","Western Cape",4,2,1,2,"N_ 4 _ 2 _ 1 _ 2","dN_ 4 _ 2 _ 1 _ 2",0
"171","Western Cape",4,2,2,1,"N_ 4 _ 2 _ 2 _ 1","dN_ 4 _ 2 _ 2 _ 1",0
"172","Western Cape",4,2,2,2,"N_ 4 _ 2 _ 2 _ 2","dN_ 4 _ 2 _ 2 _ 2",0
"173","Western Cape",4,2,3,1,"N_ 4 _ 2 _ 3 _ 1","dN_ 4 _ 2 _ 3 _ 1",0
"174","Western Cape",4,2,3,2,"N_ 4 _ 2 _ 3 _ 2","dN_ 4 _ 2 _ 3 _ 2",0
"175","Western Cape",4,2,4,1,"N_ 4 _ 2 _ 4 _ 1","dN_ 4 _ 2 _ 4 _ 1",0
"176","Western Cape",4,2,4,2,"N_ 4 _ 2 _ 4 _ 2","dN_ 4 _ 2 _ 4 _ 2",0
"177","Western Cape",5,1,1,1,"N_ 5 _ 1 _ 1 _ 1","dN_ 5 _ 1 _ 1 _ 1",0
"178","Western Cape",5,1,1,2,"N_ 5 _ 1 _ 1 _ 2","dN_ 5 _ 1 _ 1 _ 2",0
"179","Western Cape",5,1,2,1,"N_ 5 _ 1 _ 2 _ 1","dN_ 5 _ 1 _ 2 _ 1",0
"180","Western Cape",5,1,2,2,"N_ 5 _ 1 _ 2 _ 2","dN_ 5 _ 1 _ 2 _ 2",0
"181","Western Cape",5,1,3,1,"N_ 5 _ 1 _ 3 _ 1","dN_ 5 _ 1 _ 3 _ 1",0
"182","Western Cape",5,1,3,2,"N_ 5 _ 1 _ 3 _ 2","dN_ 5 _ 1 _ 3 _ 2",0
"183","Western Cape",5,1,4,1,"N_ 5 _ 1 _ 4 _ 1","dN_ 5 _ 1 _ 4 _ 1",0
"184","Western Cape",5,1,4,2,"N_ 5 _ 1 _ 4 _ 2","dN_ 5 _ 1 _ 4 _ 2",0
"185","Western Cape",5,2,1,1,"N_ 5 _ 2 _ 1 _ 1","dN_ 5 _ 2 _ 1 _ 1",0
"186","Western Cape",5,2,1,2,"N_ 5 _ 2 _ 1 _ 2","dN_ 5 _ 2 _ 1 _ 2",0
"187","Western Cape",5,2,2,1,"N_ 5 _ 2 _ 2 _ 1","dN_ 5 _ 2 _ 2 _ 1",0
"188","Western Cape",5,2,2,2,"N_ 5 _ 2 _ 2 _ 2","dN_ 5 _ 2 _ 2 _ 2",0
"189","Western Cape",5,2,3,1,"N_ 5 _ 2 _ 3 _ 1","dN_ 5 _ 2 _ 3 _ 1",0
"190","Western Cape",5,2,3,2,"N_ 5 _ 2 _ 3 _ 2","dN_ 5 _ 2 _ 3 _ 2",0
"191","Western Cape",5,2,4,1,"N_ 5 _ 2 _ 4 _ 1","dN_ 5 _ 2 _ 4 _ 1",0
"192","Western Cape",5,2,4,2,"N_ 5 _ 2 _ 4 _ 2","dN_ 5 _ 2 _ 4 _ 2",0
"193","Western Cape",6,1,1,1,"N_ 6 _ 1 _ 1 _ 1","dN_ 6 _ 1 _ 1 _ 1",121.178722217549
"194","Western Cape",6,1,1,2,"N_ 6 _ 1 _ 1 _ 2","dN_ 6 _ 1 _ 1 _ 2",347.718906199427
"195","Western Cape",6,1,2,1,"N_ 6 _ 1 _ 2 _ 1","dN_ 6 _ 1 _ 2 _ 1",0
"196","Western Cape",6,1,2,2,"N_ 6 _ 1 _ 2 _ 2","dN_ 6 _ 1 _ 2 _ 2",0
"197","Western Cape",6,1,3,1,"N_ 6 _ 1 _ 3 _ 1","dN_ 6 _ 1 _ 3 _ 1",0
"198","Western Cape",6,1,3,2,"N_ 6 _ 1 _ 3 _ 2","dN_ 6 _ 1 _ 3 _ 2",0
"199","Western Cape",6,1,4,1,"N_ 6 _ 1 _ 4 _ 1","dN_ 6 _ 1 _ 4 _ 1",0
"200","Western Cape",6,1,4,2,"N_ 6 _ 1 _ 4 _ 2","dN_ 6 _ 1 _ 4 _ 2",0
"201","Western Cape",6,2,1,1,"N_ 6 _ 2 _ 1 _ 1","dN_ 6 _ 2 _ 1 _ 1",0.520920587401273
"202","Western Cape",6,2,1,2,"N_ 6 _ 2 _ 1 _ 2","dN_ 6 _ 2 _ 1 _ 2",1.43736745654279
"203","Western Cape",6,2,2,1,"N_ 6 _ 2 _ 2 _ 1","dN_ 6 _ 2 _ 2 _ 1",0
"204","Western Cape",6,2,2,2,"N_ 6 _ 2 _ 2 _ 2","dN_ 6 _ 2 _ 2 _ 2",0
"205","Western Cape",6,2,3,1,"N_ 6 _ 2 _ 3 _ 1","dN_ 6 _ 2 _ 3 _ 1",0
"206","Western Cape",6,2,3,2,"N_ 6 _ 2 _ 3 _ 2","dN_ 6 _ 2 _ 3 _ 2",0
"207","Western Cape",6,2,4,1,"N_ 6 _ 2 _ 4 _ 1","dN_ 6 _ 2 _ 4 _ 1",0
"208","Western Cape",6,2,4,2,"N_ 6 _ 2 _ 4 _ 2","dN_ 6 _ 2 _ 4 _ 2",0
"209","Western Cape",7,1,1,1,"N_ 7 _ 1 _ 1 _ 1","dN_ 7 _ 1 _ 1 _ 1",0
"210","Western Cape",7,1,1,2,"N_ 7 _ 1 _ 1 _ 2","dN_ 7 _ 1 _ 1 _ 2",0
"211","Western Cape",7,1,2,1,"N_ 7 _ 1 _ 2 _ 1","dN_ 7 _ 1 _ 2 _ 1",0
"212","Western Cape",7,1,2,2,"N_ 7 _ 1 _ 2 _ 2","dN_ 7 _ 1 _ 2 _ 2",0
"213","Western Cape",7,1,3,1,"N_ 7 _ 1 _ 3 _ 1","dN_ 7 _ 1 _ 3 _ 1",0
"214","Western Cape",7,1,3,2,"N_ 7 _ 1 _ 3 _ 2","dN_ 7 _ 1 _ 3 _ 2",0
"215","Western Cape",7,1,4,1,"N_ 7 _ 1 _ 4 _ 1","dN_ 7 _ 1 _ 4 _ 1",0
"216","Western Cape",7,1,4,2,"N_ 7 _ 1 _ 4 _ 2","dN_ 7 _ 1 _ 4 _ 2",0
"217","Western Cape",7,2,1,1,"N_ 7 _ 2 _ 1 _ 1","dN_ 7 _ 2 _ 1 _ 1",0
"218","Western Cape",7,2,1,2,"N_ 7 _ 2 _ 1 _ 2","dN_ 7 _ 2 _ 1 _ 2",0
"219","Western Cape",7,2,2,1,"N_ 7 _ 2 _ 2 _ 1","dN_ 7 _ 2 _ 2 _ 1",0
"220","Western Cape",7,2,2,2,"N_ 7 _ 2 _ 2 _ 2","dN_ 7 _ 2 _ 2 _ 2",0
"221","Western Cape",7,2,3,1,"N_ 7 _ 2 _ 3 _ 1","dN_ 7 _ 2 _ 3 _ 1",0
"222","Western Cape",7,2,3,2,"N_ 7 _ 2 _ 3 _ 2","dN_ 7 _ 2 _ 3 _ 2",0
"223","Western Cape",7,2,4,1,"N_ 7 _ 2 _ 4 _ 1","dN_ 7 _ 2 _ 4 _ 1",0
"224","Western Cape",7,2,4,2,"N_ 7 _ 2 _ 4 _ 2","dN_ 7 _ 2 _ 4 _ 2",0
"225","North-West",1,1,1,1,"N_ 1 _ 1 _ 1 _ 1","dN_ 1 _ 1 _ 1 _ 1",25478.7823999529
"226","North-West",1,1,1,2,"N_ 1 _ 1 _ 1 _ 2","dN_ 1 _ 1 _ 1 _ 2",27526.7835438383
"227","North-West",1,1,2,1,"N_ 1 _ 1 _ 2 _ 1","dN_ 1 _ 1 _ 2 _ 1",0
"228","North-West",1,1,2,2,"N_ 1 _ 1 _ 2 _ 2","dN_ 1 _ 1 _ 2 _ 2",0
"229","North-West",1,1,3,1,"N_ 1 _ 1 _ 3 _ 1","dN_ 1 _ 1 _ 3 _ 1",0
"230","North-West",1,1,3,2,"N_ 1 _ 1 _ 3 _ 2","dN_ 1 _ 1 _ 3 _ 2",0
"231","North-West",1,1,4,1,"N_ 1 _ 1 _ 4 _ 1","dN_ 1 _ 1 _ 4 _ 1",0
"232","North-West",1,1,4,2,"N_ 1 _ 1 _ 4 _ 2","dN_ 1 _ 1 _ 4 _ 2",0
"233","North-West",1,2,1,1,"N_ 1 _ 2 _ 1 _ 1","dN_ 1 _ 2 _ 1 _ 1",0
"234","North-West",1,2,1,2,"N_ 1 _ 2 _ 1 _ 2","dN_ 1 _ 2 _ 1 _ 2",0
"235","North-West",1,2,2,1,"N_ 1 _ 2 _ 2 _ 1","dN_ 1 _ 2 _ 2 _ 1",0
"236","North-West",1,2,2,2,"N_ 1 _ 2 _ 2 _ 2","dN_ 1 _ 2 _ 2 _ 2",0
"237","North-West",1,2,3,1,"N_ 1 _ 2 _ 3 _ 1","dN_ 1 _ 2 _ 3 _ 1",0
"238","North-West",1,2,3,2,"N_ 1 _ 2 _ 3 _ 2","dN_ 1 _ 2 _ 3 _ 2",0
"239","North-West",1,2,4,1,"N_ 1 _ 2 _ 4 _ 1","dN_ 1 _ 2 _ 4 _ 1",0
"240","North-West",1,2,4,2,"N_ 1 _ 2 _ 4 _ 2","dN_ 1 _ 2 _ 4 _ 2",0
"241","North-West",2,1,1,1,"N_ 2 _ 1 _ 1 _ 1","dN_ 2 _ 1 _ 1 _ 1",2850.73390291002
"242","North-West",2,1,1,2,"N_ 2 _ 1 _ 1 _ 2","dN_ 2 _ 1 _ 1 _ 2",3097.75497185792
"243","North-West",2,1,2,1,"N_ 2 _ 1 _ 2 _ 1","dN_ 2 _ 1 _ 2 _ 1",0
"244","North-West",2,1,2,2,"N_ 2 _ 1 _ 2 _ 2","dN_ 2 _ 1 _ 2 _ 2",0
"245","North-West",2,1,3,1,"N_ 2 _ 1 _ 3 _ 1","dN_ 2 _ 1 _ 3 _ 1",0
"246","North-West",2,1,3,2,"N_ 2 _ 1 _ 3 _ 2","dN_ 2 _ 1 _ 3 _ 2",0
"247","North-West",2,1,4,1,"N_ 2 _ 1 _ 4 _ 1","dN_ 2 _ 1 _ 4 _ 1",0
"248","North-West",2,1,4,2,"N_ 2 _ 1 _ 4 _ 2","dN_ 2 _ 1 _ 4 _ 2",0
"249","North-West",2,2,1,1,"N_ 2 _ 2 _ 1 _ 1","dN_ 2 _ 2 _ 1 _ 1",106.458942432324
"250","North-West",2,2,1,2,"N_ 2 _ 2 _ 1 _ 2","dN_ 2 _ 2 _ 1 _ 2",115.683795629549
"251","North-West",2,2,2,1,"N_ 2 _ 2 _ 2 _ 1","dN_ 2 _ 2 _ 2 _ 1",0
"252","North-West",2,2,2,2,"N_ 2 _ 2 _ 2 _ 2","dN_ 2 _ 2 _ 2 _ 2",0
"253","North-West",2,2,3,1,"N_ 2 _ 2 _ 3 _ 1","dN_ 2 _ 2 _ 3 _ 1",0
"254","North-West",2,2,3,2,"N_ 2 _ 2 _ 3 _ 2","dN_ 2 _ 2 _ 3 _ 2",0
"255","North-West",2,2,4,1,"N_ 2 _ 2 _ 4 _ 1","dN_ 2 _ 2 _ 4 _ 1",0
"256","North-West",2,2,4,2,"N_ 2 _ 2 _ 4 _ 2","dN_ 2 _ 2 _ 4 _ 2",0
"257","North-West",3,1,1,1,"N_ 3 _ 1 _ 1 _ 1","dN_ 3 _ 1 _ 1 _ 1",18529.7703689151
"258","North-West",3,1,1,2,"N_ 3 _ 1 _ 1 _ 2","dN_ 3 _ 1 _ 1 _ 2",20135.4073170765
"259","North-West",3,1,2,1,"N_ 3 _ 1 _ 2 _ 1","dN_ 3 _ 1 _ 2 _ 1",0
"260","North-West",3,1,2,2,"N_ 3 _ 1 _ 2 _ 2","dN_ 3 _ 1 _ 2 _ 2",0
"261","North-West",3,1,3,1,"N_ 3 _ 1 _ 3 _ 1","dN_ 3 _ 1 _ 3 _ 1",0
"262","North-West",3,1,3,2,"N_ 3 _ 1 _ 3 _ 2","dN_ 3 _ 1 _ 3 _ 2",0
"263","North-West",3,1,4,1,"N_ 3 _ 1 _ 4 _ 1","dN_ 3 _ 1 _ 4 _ 1",0
"264","North-West",3,1,4,2,"N_ 3 _ 1 _ 4 _ 2","dN_ 3 _ 1 _ 4 _ 2",0
"265","North-West",3,2,1,1,"N_ 3 _ 2 _ 1 _ 1","dN_ 3 _ 2 _ 1 _ 1",691.983125810108
"266","North-West",3,2,1,2,"N_ 3 _ 2 _ 1 _ 2","dN_ 3 _ 2 _ 1 _ 2",751.944671592068
"267","North-West",3,2,2,1,"N_ 3 _ 2 _ 2 _ 1","dN_ 3 _ 2 _ 2 _ 1",0
"268","North-West",3,2,2,2,"N_ 3 _ 2 _ 2 _ 2","dN_ 3 _ 2 _ 2 _ 2",0
"269","North-West",3,2,3,1,"N_ 3 _ 2 _ 3 _ 1","dN_ 3 _ 2 _ 3 _ 1",0
"270","North-West",3,2,3,2,"N_ 3 _ 2 _ 3 _ 2","dN_ 3 _ 2 _ 3 _ 2",0
"271","North-West",3,2,4,1,"N_ 3 _ 2 _ 4 _ 1","dN_ 3 _ 2 _ 4 _ 1",0
"272","North-West",3,2,4,2,"N_ 3 _ 2 _ 4 _ 2","dN_ 3 _ 2 _ 4 _ 2",0
"273","North-West",4,1,1,1,"N_ 4 _ 1 _ 1 _ 1","dN_ 4 _ 1 _ 1 _ 1",0
"274","North-West",4,1,1,2,"N_ 4 _ 1 _ 1 _ 2","dN_ 4 _ 1 _ 1 _ 2",0
"275","North-West",4,1,2,1,"N_ 4 _ 1 _ 2 _ 1","dN_ 4 _ 1 _ 2 _ 1",0
"276","North-West",4,1,2,2,"N_ 4 _ 1 _ 2 _ 2","dN_ 4 _ 1 _ 2 _ 2",0
"277","North-West",4,1,3,1,"N_ 4 _ 1 _ 3 _ 1","dN_ 4 _ 1 _ 3 _ 1",0
"278","North-West",4,1,3,2,"N_ 4 _ 1 _ 3 _ 2","dN_ 4 _ 1 _ 3 _ 2",0
"279","North-West",4,1,4,1,"N_ 4 _ 1 _ 4 _ 1","dN_ 4 _ 1 _ 4 _ 1",0
"280","North-West",4,1,4,2,"N_ 4 _ 1 _ 4 _ 2","dN_ 4 _ 1 _ 4 _ 2",0
"281","North-West",4,2,1,1,"N_ 4 _ 2 _ 1 _ 1","dN_ 4 _ 2 _ 1 _ 1",0
"282","North-West",4,2,1,2,"N_ 4 _ 2 _ 1 _ 2","dN_ 4 _ 2 _ 1 _ 2",0
"283","North-West",4,2,2,1,"N_ 4 _ 2 _ 2 _ 1","dN_ 4 _ 2 _ 2 _ 1",0
"284","North-West",4,2,2,2,"N_ 4 _ 2 _ 2 _ 2","dN_ 4 _ 2 _ 2 _ 2",0
"285","North-West",4,2,3,1,"N_ 4 _ 2 _ 3 _ 1","dN_ 4 _ 2 _ 3 _ 1",0
"286","North-West",4,2,3,2,"N_ 4 _ 2 _ 3 _ 2","dN_ 4 _ 2 _ 3 _ 2",0
"287","North-West",4,2,4,1,"N_ 4 _ 2 _ 4 _ 1","dN_ 4 _ 2 _ 4 _ 1",0
"288","North-West",4,2,4,2,"N_ 4 _ 2 _ 4 _ 2","dN_ 4 _ 2 _ 4 _ 2",0
"289","North-West",5,1,1,1,"N_ 5 _ 1 _ 1 _ 1","dN_ 5 _ 1 _ 1 _ 1",0
"290","North-West",5,1,1,2,"N_ 5 _ 1 _ 1 _ 2","dN_ 5 _ 1 _ 1 _ 2",0
"291","North-West",5,1,2,1,"N_ 5 _ 1 _ 2 _ 1","dN_ 5 _ 1 _ 2 _ 1",0
"292","North-West",5,1,2,2,"N_ 5 _ 1 _ 2 _ 2","dN_ 5 _ 1 _ 2 _ 2",0
"293","North-West",5,1,3,1,"N_ 5 _ 1 _ 3 _ 1","dN_ 5 _ 1 _ 3 _ 1",0
"294","North-West",5,1,3,2,"N_ 5 _ 1 _ 3 _ 2","dN_ 5 _ 1 _ 3 _ 2",0
"295","North-West",5,1,4,1,"N_ 5 _ 1 _ 4 _ 1","dN_ 5 _ 1 _ 4 _ 1",0
"296","North-West",5,1,4,2,"N_ 5 _ 1 _ 4 _ 2","dN_ 5 _ 1 _ 4 _ 2",0
"297","North-West",5,2,1,1,"N_ 5 _ 2 _ 1 _ 1","dN_ 5 _ 2 _ 1 _ 1",0
"298","North-West",5,2,1,2,"N_ 5 _ 2 _ 1 _ 2","dN_ 5 _ 2 _ 1 _ 2",0
"299","North-West",5,2,2,1,"N_ 5 _ 2 _ 2 _ 1","dN_ 5 _ 2 _ 2 _ 1",0
"300","North-West",5,2,2,2,"N_ 5 _ 2 _ 2 _ 2","dN_ 5 _ 2 _ 2 _ 2",0
"301","North-West",5,2,3,1,"N_ 5 _ 2 _ 3 _ 1","dN_ 5 _ 2 _ 3 _ 1",0
"302","North-West",5,2,3,2,"N_ 5 _ 2 _ 3 _ 2","dN_ 5 _ 2 _ 3 _ 2",0
"303","North-West",5,2,4,1,"N_ 5 _ 2 _ 4 _ 1","dN_ 5 _ 2 _ 4 _ 1",0
"304","North-West",5,2,4,2,"N_ 5 _ 2 _ 4 _ 2","dN_ 5 _ 2 _ 4 _ 2",0
"305","North-West",6,1,1,1,"N_ 6 _ 1 _ 1 _ 1","dN_ 6 _ 1 _ 1 _ 1",102.221349816445
"306","North-West",6,1,1,2,"N_ 6 _ 1 _ 1 _ 2","dN_ 6 _ 1 _ 1 _ 2",610.521001975437
"307","North-West",6,1,2,1,"N_ 6 _ 1 _ 2 _ 1","dN_ 6 _ 1 _ 2 _ 1",0
"308","North-West",6,1,2,2,"N_ 6 _ 1 _ 2 _ 2","dN_ 6 _ 1 _ 2 _ 2",0
"309","North-West",6,1,3,1,"N_ 6 _ 1 _ 3 _ 1","dN_ 6 _ 1 _ 3 _ 1",0
"310","North-West",6,1,3,2,"N_ 6 _ 1 _ 3 _ 2","dN_ 6 _ 1 _ 3 _ 2",0
"311","North-West",6,1,4,1,"N_ 6 _ 1 _ 4 _ 1","dN_ 6 _ 1 _ 4 _ 1",0
"312","North-West",6,1,4,2,"N_ 6 _ 1 _ 4 _ 2","dN_ 6 _ 1 _ 4 _ 2",0
"313","North-West",6,2,1,1,"N_ 6 _ 2 _ 1 _ 1","dN_ 6 _ 2 _ 1 _ 1",0.384015961977849
"314","North-West",6,2,1,2,"N_ 6 _ 2 _ 1 _ 2","dN_ 6 _ 2 _ 1 _ 2",1.57059223133846
"315","North-West",6,2,2,1,"N_ 6 _ 2 _ 2 _ 1","dN_ 6 _ 2 _ 2 _ 1",0
"316","North-West",6,2,2,2,"N_ 6 _ 2 _ 2 _ 2","dN_ 6 _ 2 _ 2 _ 2",0
"317","North-West",6,2,3,1,"N_ 6 _ 2 _ 3 _ 1","dN_ 6 _ 2 _ 3 _ 1",0
"318","North-West",6,2,3,2,"N_ 6 _ 2 _ 3 _ 2","dN_ 6 _ 2 _ 3 _ 2",0
"319","North-West",6,2,4,1,"N_ 6 _ 2 _ 4 _ 1","dN_ 6 _ 2 _ 4 _ 1",0
"320","North-West",6,2,4,2,"N_ 6 _ 2 _ 4 _ 2","dN_ 6 _ 2 _ 4 _ 2",0
"321","North-West",7,1,1,1,"N_ 7 _ 1 _ 1 _ 1","dN_ 7 _ 1 _ 1 _ 1",0
"322","North-West",7,1,1,2,"N_ 7 _ 1 _ 1 _ 2","dN_ 7 _ 1 _ 1 _ 2",0
"323","North-West",7,1,2,1,"N_ 7 _ 1 _ 2 _ 1","dN_ 7 _ 1 _ 2 _ 1",0
"324","North-West",7,1,2,2,"N_ 7 _ 1 _ 2 _ 2","dN_ 7 _ 1 _ 2 _ 2",0
"325","North-West",7,1,3,1,"N_ 7 _ 1 _ 3 _ 1","dN_ 7 _ 1 _ 3 _ 1",0
"326","North-West",7,1,3,2,"N_ 7 _ 1 _ 3 _ 2","dN_ 7 _ 1 _ 3 _ 2",0
"327","North-West",7,1,4,1,"N_ 7 _ 1 _ 4 _ 1","dN_ 7 _ 1 _ 4 _ 1",0
"328","North-West",7,1,4,2,"N_ 7 _ 1 _ 4 _ 2","dN_ 7 _ 1 _ 4 _ 2",0
"329","North-West",7,2,1,1,"N_ 7 _ 2 _ 1 _ 1","dN_ 7 _ 2 _ 1 _ 1",0
"330","North-West",7,2,1,2,"N_ 7 _ 2 _ 1 _ 2","dN_ 7 _ 2 _ 1 _ 2",0
"331","North-West",7,2,2,1,"N_ 7 _ 2 _ 2 _ 1","dN_ 7 _ 2 _ 2 _ 1",0
"332","North-West",7,2,2,2,"N_ 7 _ 2 _ 2 _ 2","dN_ 7 _ 2 _ 2 _ 2",0
"333","North-West",7,2,3,1,"N_ 7 _ 2 _ 3 _ 1","dN_ 7 _ 2 _ 3 _ 1",0
"334","North-West",7,2,3,2,"N_ 7 _ 2 _ 3 _ 2","dN_ 7 _ 2 _ 3 _ 2",0
"335","North-West",7,2,4,1,"N_ 7 _ 2 _ 4 _ 1","dN_ 7 _ 2 _ 4 _ 1",0
"336","North-West",7,2,4,2,"N_ 7 _ 2 _ 4 _ 2","dN_ 7 _ 2 _ 4 _ 2",0
"337","Limpopo",1,1,1,1,"N_ 1 _ 1 _ 1 _ 1","dN_ 1 _ 1 _ 1 _ 1",25821.9130369153
"338","Limpopo",1,1,1,2,"N_ 1 _ 1 _ 1 _ 2","dN_ 1 _ 1 _ 1 _ 2",28334.0675530043
"339","Limpopo",1,1,2,1,"N_ 1 _ 1 _ 2 _ 1","dN_ 1 _ 1 _ 2 _ 1",0
"340","Limpopo",1,1,2,2,"N_ 1 _ 1 _ 2 _ 2","dN_ 1 _ 1 _ 2 _ 2",0
"341","Limpopo",1,1,3,1,"N_ 1 _ 1 _ 3 _ 1","dN_ 1 _ 1 _ 3 _ 1",0
"342","Limpopo",1,1,3,2,"N_ 1 _ 1 _ 3 _ 2","dN_ 1 _ 1 _ 3 _ 2",0
"343","Limpopo",1,1,4,1,"N_ 1 _ 1 _ 4 _ 1","dN_ 1 _ 1 _ 4 _ 1",0
"344","Limpopo",1,1,4,2,"N_ 1 _ 1 _ 4 _ 2","dN_ 1 _ 1 _ 4 _ 2",0
"345","Limpopo",1,2,1,1,"N_ 1 _ 2 _ 1 _ 1","dN_ 1 _ 2 _ 1 _ 1",0
"346","Limpopo",1,2,1,2,"N_ 1 _ 2 _ 1 _ 2","dN_ 1 _ 2 _ 1 _ 2",0
"347","Limpopo",1,2,2,1,"N_ 1 _ 2 _ 2 _ 1","dN_ 1 _ 2 _ 2 _ 1",0
"348","Limpopo",1,2,2,2,"N_ 1 _ 2 _ 2 _ 2","dN_ 1 _ 2 _ 2 _ 2",0
"349","Limpopo",1,2,3,1,"N_ 1 _ 2 _ 3 _ 1","dN_ 1 _ 2 _ 3 _ 1",0
"350","Limpopo",1,2,3,2,"N_ 1 _ 2 _ 3 _ 2","dN_ 1 _ 2 _ 3 _ 2",0
"351","Limpopo",1,2,4,1,"N_ 1 _ 2 _ 4 _ 1","dN_ 1 _ 2 _ 4 _ 1",0
"352","Limpopo",1,2,4,2,"N_ 1 _ 2 _ 4 _ 2","dN_ 1 _ 2 _ 4 _ 2",0
"353","Limpopo",2,1,1,1,"N_ 2 _ 1 _ 1 _ 1","dN_ 2 _ 1 _ 1 _ 1",2795.11496439699
"354","Limpopo",2,1,1,2,"N_ 2 _ 1 _ 1 _ 2","dN_ 2 _ 1 _ 1 _ 2",3039.5877143319
"355","Limpopo",2,1,2,1,"N_ 2 _ 1 _ 2 _ 1","dN_ 2 _ 1 _ 2 _ 1",0
"356","Limpopo",2,1,2,2,"N_ 2 _ 1 _ 2 _ 2","dN_ 2 _ 1 _ 2 _ 2",0
"357","Limpopo",2,1,3,1,"N_ 2 _ 1 _ 3 _ 1","dN_ 2 _ 1 _ 3 _ 1",0
"358","Limpopo",2,1,3,2,"N_ 2 _ 1 _ 3 _ 2","dN_ 2 _ 1 _ 3 _ 2",0
"359","Limpopo",2,1,4,1,"N_ 2 _ 1 _ 4 _ 1","dN_ 2 _ 1 _ 4 _ 1",0
"360","Limpopo",2,1,4,2,"N_ 2 _ 1 _ 4 _ 2","dN_ 2 _ 1 _ 4 _ 2",0
"361","Limpopo",2,2,1,1,"N_ 2 _ 2 _ 1 _ 1","dN_ 2 _ 2 _ 1 _ 1",104.381886637232
"362","Limpopo",2,2,1,2,"N_ 2 _ 2 _ 1 _ 2","dN_ 2 _ 2 _ 1 _ 2",113.511574394138
"363","Limpopo",2,2,2,1,"N_ 2 _ 2 _ 2 _ 1","dN_ 2 _ 2 _ 2 _ 1",0
"364","Limpopo",2,2,2,2,"N_ 2 _ 2 _ 2 _ 2","dN_ 2 _ 2 _ 2 _ 2",0
"365","Limpopo",2,2,3,1,"N_ 2 _ 2 _ 3 _ 1","dN_ 2 _ 2 _ 3 _ 1",0
"366","Limpopo",2,2,3,2,"N_ 2 _ 2 _ 3 _ 2","dN_ 2 _ 2 _ 3 _ 2",0
"367","Limpopo",2,2,4,1,"N_ 2 _ 2 _ 4 _ 1","dN_ 2 _ 2 _ 4 _ 1",0
"368","Limpopo",2,2,4,2,"N_ 2 _ 2 _ 4 _ 2","dN_ 2 _ 2 _ 4 _ 2",0
"369","Limpopo",3,1,1,1,"N_ 3 _ 1 _ 1 _ 1","dN_ 3 _ 1 _ 1 _ 1",18168.2472685804
"370","Limpopo",3,1,1,2,"N_ 3 _ 1 _ 1 _ 2","dN_ 3 _ 1 _ 1 _ 2",19757.3201431574
"371","Limpopo",3,1,2,1,"N_ 3 _ 1 _ 2 _ 1","dN_ 3 _ 1 _ 2 _ 1",0
"372","Limpopo",3,1,2,2,"N_ 3 _ 1 _ 2 _ 2","dN_ 3 _ 1 _ 2 _ 2",0
"373","Limpopo",3,1,3,1,"N_ 3 _ 1 _ 3 _ 1","dN_ 3 _ 1 _ 3 _ 1",0
"374","Limpopo",3,1,3,2,"N_ 3 _ 1 _ 3 _ 2","dN_ 3 _ 1 _ 3 _ 2",0
"375","Limpopo",3,1,4,1,"N_ 3 _ 1 _ 4 _ 1","dN_ 3 _ 1 _ 4 _ 1",0
"376","Limpopo",3,1,4,2,"N_ 3 _ 1 _ 4 _ 2","dN_ 3 _ 1 _ 4 _ 2",0
"377","Limpopo",3,2,1,1,"N_ 3 _ 2 _ 1 _ 1","dN_ 3 _ 2 _ 1 _ 1",678.482263142007
"378","Limpopo",3,2,1,2,"N_ 3 _ 2 _ 1 _ 2","dN_ 3 _ 2 _ 1 _ 2",737.825233561894
"379","Limpopo",3,2,2,1,"N_ 3 _ 2 _ 2 _ 1","dN_ 3 _ 2 _ 2 _ 1",0
"380","Limpopo",3,2,2,2,"N_ 3 _ 2 _ 2 _ 2","dN_ 3 _ 2 _ 2 _ 2",0
"381","Limpopo",3,2,3,1,"N_ 3 _ 2 _ 3 _ 1","dN_ 3 _ 2 _ 3 _ 1",0
"382","Limpopo",3,2,3,2,"N_ 3 _ 2 _ 3 _ 2","dN_ 3 _ 2 _ 3 _ 2",0
"383","Limpopo",3,2,4,1,"N_ 3 _ 2 _ 4 _ 1","dN_ 3 _ 2 _ 4 _ 1",0
"384","Limpopo",3,2,4,2,"N_ 3 _ 2 _ 4 _ 2","dN_ 3 _ 2 _ 4 _ 2",0
"385","Limpopo",4,1,1,1,"N_ 4 _ 1 _ 1 _ 1","dN_ 4 _ 1 _ 1 _ 1",0
"386","Limpopo",4,1,1,2,"N_ 4 _ 1 _ 1 _ 2","dN_ 4 _ 1 _ 1 _ 2",0
"387","Limpopo",4,1,2,1,"N_ 4 _ 1 _ 2 _ 1","dN_ 4 _ 1 _ 2 _ 1",0
"388","Limpopo",4,1,2,2,"N_ 4 _ 1 _ 2 _ 2","dN_ 4 _ 1 _ 2 _ 2",0
"389","Limpopo",4,1,3,1,"N_ 4 _ 1 _ 3 _ 1","dN_ 4 _ 1 _ 3 _ 1",0
"390","Limpopo",4,1,3,2,"N_ 4 _ 1 _ 3 _ 2","dN_ 4 _ 1 _ 3 _ 2",0
"391","Limpopo",4,1,4,1,"N_ 4 _ 1 _ 4 _ 1","dN_ 4 _ 1 _ 4 _ 1",0
"392","Limpopo",4,1,4,2,"N_ 4 _ 1 _ 4 _ 2","dN_ 4 _ 1 _ 4 _ 2",0
"393","Limpopo",4,2,1,1,"N_ 4 _ 2 _ 1 _ 1","dN_ 4 _ 2 _ 1 _ 1",0
"394","Limpopo",4,2,1,2,"N_ 4 _ 2 _ 1 _ 2","dN_ 4 _ 2 _ 1 _ 2",0
"395","Limpopo",4,2,2,1,"N_ 4 _ 2 _ 2 _ 1","dN_ 4 _ 2 _ 2 _ 1",0
"396","Limpopo",4,2,2,2,"N_ 4 _ 2 _ 2 _ 2","dN_ 4 _ 2 _ 2 _ 2",0
"397","Limpopo",4,2,3,1,"N_ 4 _ 2 _ 3 _ 1","dN_ 4 _ 2 _ 3 _ 1",0
"398","Limpopo",4,2,3,2,"N_ 4 _ 2 _ 3 _ 2","dN_ 4 _ 2 _ 3 _ 2",0
"399","Limpopo",4,2,4,1,"N_ 4 _ 2 _ 4 _ 1","dN_ 4 _ 2 _ 4 _ 1",0
"400","Limpopo",4,2,4,2,"N_ 4 _ 2 _ 4 _ 2","dN_ 4 _ 2 _ 4 _ 2",0
"401","Limpopo",5,1,1,1,"N_ 5 _ 1 _ 1 _ 1","dN_ 5 _ 1 _ 1 _ 1",0
"402","Limpopo",5,1,1,2,"N_ 5 _ 1 _ 1 _ 2","dN_ 5 _ 1 _ 1 _ 2",0
"403","Limpopo",5,1,2,1,"N_ 5 _ 1 _ 2 _ 1","dN_ 5 _ 1 _ 2 _ 1",0
"404","Limpopo",5,1,2,2,"N_ 5 _ 1 _ 2 _ 2","dN_ 5 _ 1 _ 2 _ 2",0
"405","Limpopo",5,1,3,1,"N_ 5 _ 1 _ 3 _ 1","dN_ 5 _ 1 _ 3 _ 1",0
"406","Limpopo",5,1,3,2,"N_ 5 _ 1 _ 3 _ 2","dN_ 5 _ 1 _ 3 _ 2",0
"407","Limpopo",5,1,4,1,"N_ 5 _ 1 _ 4 _ 1","dN_ 5 _ 1 _ 4 _ 1",0
"408","Limpopo",5,1,4,2,"N_ 5 _ 1 _ 4 _ 2","dN_ 5 _ 1 _ 4 _ 2",0
"409","Limpopo",5,2,1,1,"N_ 5 _ 2 _ 1 _ 1","dN_ 5 _ 2 _ 1 _ 1",0
"410","Limpopo",5,2,1,2,"N_ 5 _ 2 _ 1 _ 2","dN_ 5 _ 2 _ 1 _ 2",0
"411","Limpopo",5,2,2,1,"N_ 5 _ 2 _ 2 _ 1","dN_ 5 _ 2 _ 2 _ 1",0
"412","Limpopo",5,2,2,2,"N_ 5 _ 2 _ 2 _ 2","dN_ 5 _ 2 _ 2 _ 2",0
"413","Limpopo",5,2,3,1,"N_ 5 _ 2 _ 3 _ 1","dN_ 5 _ 2 _ 3 _ 1",0
"414","Limpopo",5,2,3,2,"N_ 5 _ 2 _ 3 _ 2","dN_ 5 _ 2 _ 3 _ 2",0
"415","Limpopo",5,2,4,1,"N_ 5 _ 2 _ 4 _ 1","dN_ 5 _ 2 _ 4 _ 1",0
"416","Limpopo",5,2,4,2,"N_ 5 _ 2 _ 4 _ 2","dN_ 5 _ 2 _ 4 _ 2",0
"417","Limpopo",6,1,1,1,"N_ 6 _ 1 _ 1 _ 1","dN_ 6 _ 1 _ 1 _ 1",79.5372205124056
"418","Limpopo",6,1,1,2,"N_ 6 _ 1 _ 1 _ 2","dN_ 6 _ 1 _ 1 _ 2",368.482985731675
"419","Limpopo",6,1,2,1,"N_ 6 _ 1 _ 2 _ 1","dN_ 6 _ 1 _ 2 _ 1",0
"420","Limpopo",6,1,2,2,"N_ 6 _ 1 _ 2 _ 2","dN_ 6 _ 1 _ 2 _ 2",0
"421","Limpopo",6,1,3,1,"N_ 6 _ 1 _ 3 _ 1","dN_ 6 _ 1 _ 3 _ 1",0
"422","Limpopo",6,1,3,2,"N_ 6 _ 1 _ 3 _ 2","dN_ 6 _ 1 _ 3 _ 2",0
"423","Limpopo",6,1,4,1,"N_ 6 _ 1 _ 4 _ 1","dN_ 6 _ 1 _ 4 _ 1",0
"424","Limpopo",6,1,4,2,"N_ 6 _ 1 _ 4 _ 2","dN_ 6 _ 1 _ 4 _ 2",0
"425","Limpopo",6,2,1,1,"N_ 6 _ 2 _ 1 _ 1","dN_ 6 _ 2 _ 1 _ 1",0.304247264160699
"426","Limpopo",6,2,1,2,"N_ 6 _ 2 _ 1 _ 2","dN_ 6 _ 2 _ 1 _ 2",1.22390837017518
"427","Limpopo",6,2,2,1,"N_ 6 _ 2 _ 2 _ 1","dN_ 6 _ 2 _ 2 _ 1",0
"428","Limpopo",6,2,2,2,"N_ 6 _ 2 _ 2 _ 2","dN_ 6 _ 2 _ 2 _ 2",0
"429","Limpopo",6,2,3,1,"N_ 6 _ 2 _ 3 _ 1","dN_ 6 _ 2 _ 3 _ 1",0
"430","Limpopo",6,2,3,2,"N_ 6 _ 2 _ 3 _ 2","dN_ 6 _ 2 _ 3 _ 2",0
"431","Limpopo",6,2,4,1,"N_ 6 _ 2 _ 4 _ 1","dN_ 6 _ 2 _ 4 _ 1",0
"432","Limpopo",6,2,4,2,"N_ 6 _ 2 _ 4 _ 2","dN_ 6 _ 2 _ 4 _ 2",0
"433","Limpopo",7,1,1,1,"N_ 7 _ 1 _ 1 _ 1","dN_ 7 _ 1 _ 1 _ 1",0
"434","Limpopo",7,1,1,2,"N_ 7 _ 1 _ 1 _ 2","dN_ 7 _ 1 _ 1 _ 2",0
"435","Limpopo",7,1,2,1,"N_ 7 _ 1 _ 2 _ 1","dN_ 7 _ 1 _ 2 _ 1",0
"436","Limpopo",7,1,2,2,"N_ 7 _ 1 _ 2 _ 2","dN_ 7 _ 1 _ 2 _ 2",0
"437","Limpopo",7,1,3,1,"N_ 7 _ 1 _ 3 _ 1","dN_ 7 _ 1 _ 3 _ 1",0
"438","Limpopo",7,1,3,2,"N_ 7 _ 1 _ 3 _ 2","dN_ 7 _ 1 _ 3 _ 2",0
"439","Limpopo",7,1,4,1,"N_ 7 _ 1 _ 4 _ 1","dN_ 7 _ 1 _ 4 _ 1",0
"440","Limpopo",7,1,4,2,"N_ 7 _ 1 _ 4 _ 2","dN_ 7 _ 1 _ 4 _ 2",0
"441","Limpopo",7,2,1,1,"N_ 7 _ 2 _ 1 _ 1","dN_ 7 _ 2 _ 1 _ 1",0
"442","Limpopo",7,2,1,2,"N_ 7 _ 2 _ 1 _ 2","dN_ 7 _ 2 _ 1 _ 2",0
"443","Limpopo",7,2,2,1,"N_ 7 _ 2 _ 2 _ 1","dN_ 7 _ 2 _ 2 _ 1",0
"444","Limpopo",7,2,2,2,"N_ 7 _ 2 _ 2 _ 2","dN_ 7 _ 2 _ 2 _ 2",0
"445","Limpopo",7,2,3,1,"N_ 7 _ 2 _ 3 _ 1","dN_ 7 _ 2 _ 3 _ 1",0
"446","Limpopo",7,2,3,2,"N_ 7 _ 2 _ 3 _ 2","dN_ 7 _ 2 _ 3 _ 2",0
"447","Limpopo",7,2,4,1,"N_ 7 _ 2 _ 4 _ 1","dN_ 7 _ 2 _ 4 _ 1",0
"448","Limpopo",7,2,4,2,"N_ 7 _ 2 _ 4 _ 2","dN_ 7 _ 2 _ 4 _ 2",0
"449","KwaZulu-Natal",1,1,1,1,"N_ 1 _ 1 _ 1 _ 1","dN_ 1 _ 1 _ 1 _ 1",24993.3020560833
"450","KwaZulu-Natal",1,1,1,2,"N_ 1 _ 1 _ 1 _ 2","dN_ 1 _ 1 _ 1 _ 2",26436.8844209908
"451","KwaZulu-Natal",1,1,2,1,"N_ 1 _ 1 _ 2 _ 1","dN_ 1 _ 1 _ 2 _ 1",0
"452","KwaZulu-Natal",1,1,2,2,"N_ 1 _ 1 _ 2 _ 2","dN_ 1 _ 1 _ 2 _ 2",0
"453","KwaZulu-Natal",1,1,3,1,"N_ 1 _ 1 _ 3 _ 1","dN_ 1 _ 1 _ 3 _ 1",0
"454","KwaZulu-Natal",1,1,3,2,"N_ 1 _ 1 _ 3 _ 2","dN_ 1 _ 1 _ 3 _ 2",0
"455","KwaZulu-Natal",1,1,4,1,"N_ 1 _ 1 _ 4 _ 1","dN_ 1 _ 1 _ 4 _ 1",0
"456","KwaZulu-Natal",1,1,4,2,"N_ 1 _ 1 _ 4 _ 2","dN_ 1 _ 1 _ 4 _ 2",0
"457","KwaZulu-Natal",1,2,1,1,"N_ 1 _ 2 _ 1 _ 1","dN_ 1 _ 2 _ 1 _ 1",0
"458","KwaZulu-Natal",1,2,1,2,"N_ 1 _ 2 _ 1 _ 2","dN_ 1 _ 2 _ 1 _ 2",0
"459","KwaZulu-Natal",1,2,2,1,"N_ 1 _ 2 _ 2 _ 1","dN_ 1 _ 2 _ 2 _ 1",0
"460","KwaZulu-Natal",1,2,2,2,"N_ 1 _ 2 _ 2 _ 2","dN_ 1 _ 2 _ 2 _ 2",0
"461","KwaZulu-Natal",1,2,3,1,"N_ 1 _ 2 _ 3 _ 1","dN_ 1 _ 2 _ 3 _ 1",0
"462","KwaZulu-Natal",1,2,3,2,"N_ 1 _ 2 _ 3 _ 2","dN_ 1 _ 2 _ 3 _ 2",0
"463","KwaZulu-Natal",1,2,4,1,"N_ 1 _ 2 _ 4 _ 1","dN_ 1 _ 2 _ 4 _ 1",0
"464","KwaZulu-Natal",1,2,4,2,"N_ 1 _ 2 _ 4 _ 2","dN_ 1 _ 2 _ 4 _ 2",0
"465","KwaZulu-Natal",2,1,1,1,"N_ 2 _ 1 _ 1 _ 1","dN_ 2 _ 1 _ 1 _ 1",2942.30855536156
"466","KwaZulu-Natal",2,1,1,2,"N_ 2 _ 1 _ 1 _ 2","dN_ 2 _ 1 _ 1 _ 2",3167.63673413757
"467","KwaZulu-Natal",2,1,2,1,"N_ 2 _ 1 _ 2 _ 1","dN_ 2 _ 1 _ 2 _ 1",0
"468","KwaZulu-Natal",2,1,2,2,"N_ 2 _ 1 _ 2 _ 2","dN_ 2 _ 1 _ 2 _ 2",0
"469","KwaZulu-Natal",2,1,3,1,"N_ 2 _ 1 _ 3 _ 1","dN_ 2 _ 1 _ 3 _ 1",0
"470","KwaZulu-Natal",2,1,3,2,"N_ 2 _ 1 _ 3 _ 2","dN_ 2 _ 1 _ 3 _ 2",0
"471","KwaZulu-Natal",2,1,4,1,"N_ 2 _ 1 _ 4 _ 1","dN_ 2 _ 1 _ 4 _ 1",0
"472","KwaZulu-Natal",2,1,4,2,"N_ 2 _ 1 _ 4 _ 2","dN_ 2 _ 1 _ 4 _ 2",0
"473","KwaZulu-Natal",2,2,1,1,"N_ 2 _ 2 _ 1 _ 1","dN_ 2 _ 2 _ 1 _ 1",109.878742731345
"474","KwaZulu-Natal",2,2,1,2,"N_ 2 _ 2 _ 1 _ 2","dN_ 2 _ 2 _ 1 _ 2",118.293487996839
"475","KwaZulu-Natal",2,2,2,1,"N_ 2 _ 2 _ 2 _ 1","dN_ 2 _ 2 _ 2 _ 1",0
"476","KwaZulu-Natal",2,2,2,2,"N_ 2 _ 2 _ 2 _ 2","dN_ 2 _ 2 _ 2 _ 2",0
"477","KwaZulu-Natal",2,2,3,1,"N_ 2 _ 2 _ 3 _ 1","dN_ 2 _ 2 _ 3 _ 1",0
"478","KwaZulu-Natal",2,2,3,2,"N_ 2 _ 2 _ 3 _ 2","dN_ 2 _ 2 _ 3 _ 2",0
"479","KwaZulu-Natal",2,2,4,1,"N_ 2 _ 2 _ 4 _ 1","dN_ 2 _ 2 _ 4 _ 1",0
"480","KwaZulu-Natal",2,2,4,2,"N_ 2 _ 2 _ 4 _ 2","dN_ 2 _ 2 _ 4 _ 2",0
"481","KwaZulu-Natal",3,1,1,1,"N_ 3 _ 1 _ 1 _ 1","dN_ 3 _ 1 _ 1 _ 1",19125.0056098502
"482","KwaZulu-Natal",3,1,1,2,"N_ 3 _ 1 _ 1 _ 2","dN_ 3 _ 1 _ 1 _ 2",20589.6387718942
"483","KwaZulu-Natal",3,1,2,1,"N_ 3 _ 1 _ 2 _ 1","dN_ 3 _ 1 _ 2 _ 1",0
"484","KwaZulu-Natal",3,1,2,2,"N_ 3 _ 1 _ 2 _ 2","dN_ 3 _ 1 _ 2 _ 2",0
"485","KwaZulu-Natal",3,1,3,1,"N_ 3 _ 1 _ 3 _ 1","dN_ 3 _ 1 _ 3 _ 1",0
"486","KwaZulu-Natal",3,1,3,2,"N_ 3 _ 1 _ 3 _ 2","dN_ 3 _ 1 _ 3 _ 2",0
"487","KwaZulu-Natal",3,1,4,1,"N_ 3 _ 1 _ 4 _ 1","dN_ 3 _ 1 _ 4 _ 1",0
"488","KwaZulu-Natal",3,1,4,2,"N_ 3 _ 1 _ 4 _ 2","dN_ 3 _ 1 _ 4 _ 2",0
"489","KwaZulu-Natal",3,2,1,1,"N_ 3 _ 2 _ 1 _ 1","dN_ 3 _ 2 _ 1 _ 1",714.211827753741
"490","KwaZulu-Natal",3,2,1,2,"N_ 3 _ 2 _ 1 _ 2","dN_ 3 _ 2 _ 1 _ 2",768.907671979452
"491","KwaZulu-Natal",3,2,2,1,"N_ 3 _ 2 _ 2 _ 1","dN_ 3 _ 2 _ 2 _ 1",0
"492","KwaZulu-Natal",3,2,2,2,"N_ 3 _ 2 _ 2 _ 2","dN_ 3 _ 2 _ 2 _ 2",0
"493","KwaZulu-Natal",3,2,3,1,"N_ 3 _ 2 _ 3 _ 1","dN_ 3 _ 2 _ 3 _ 1",0
"494","KwaZulu-Natal",3,2,3,2,"N_ 3 _ 2 _ 3 _ 2","dN_ 3 _ 2 _ 3 _ 2",0
"495","KwaZulu-Natal",3,2,4,1,"N_ 3 _ 2 _ 4 _ 1","dN_ 3 _ 2 _ 4 _ 1",0
"496","KwaZulu-Natal",3,2,4,2,"N_ 3 _ 2 _ 4 _ 2","dN_ 3 _ 2 _ 4 _ 2",0
"497","KwaZulu-Natal",4,1,1,1,"N_ 4 _ 1 _ 1 _ 1","dN_ 4 _ 1 _ 1 _ 1",0
"498","KwaZulu-Natal",4,1,1,2,"N_ 4 _ 1 _ 1 _ 2","dN_ 4 _ 1 _ 1 _ 2",0
"499","KwaZulu-Natal",4,1,2,1,"N_ 4 _ 1 _ 2 _ 1","dN_ 4 _ 1 _ 2 _ 1",0
"500","KwaZulu-Natal",4,1,2,2,"N_ 4 _ 1 _ 2 _ 2","dN_ 4 _ 1 _ 2 _ 2",0
"501","KwaZulu-Natal",4,1,3,1,"N_ 4 _ 1 _ 3 _ 1","dN_ 4 _ 1 _ 3 _ 1",0
"502","KwaZulu-Natal",4,1,3,2,"N_ 4 _ 1 _ 3 _ 2","dN_ 4 _ 1 _ 3 _ 2",0
"503","KwaZulu-Natal",4,1,4,1,"N_ 4 _ 1 _ 4 _ 1","dN_ 4 _ 1 _ 4 _ 1",0
"504","KwaZulu-Natal",4,1,4,2,"N_ 4 _ 1 _ 4 _ 2","dN_ 4 _ 1 _ 4 _ 2",0
"505","KwaZulu-Natal",4,2,1,1,"N_ 4 _ 2 _ 1 _ 1","dN_ 4 _ 2 _ 1 _ 1",0
"506","KwaZulu-Natal",4,2,1,2,"N_ 4 _ 2 _ 1 _ 2","dN_ 4 _ 2 _ 1 _ 2",0
"507","KwaZulu-Natal",4,2,2,1,"N_ 4 _ 2 _ 2 _ 1","dN_ 4 _ 2 _ 2 _ 1",0
"508","KwaZulu-Natal",4,2,2,2,"N_ 4 _ 2 _ 2 _ 2","dN_ 4 _ 2 _ 2 _ 2",0
"509","KwaZulu-Natal",4,2,3,1,"N_ 4 _ 2 _ 3 _ 1","dN_ 4 _ 2 _ 3 _ 1",0
"510","KwaZulu-Natal",4,2,3,2,"N_ 4 _ 2 _ 3 _ 2","dN_ 4 _ 2 _ 3 _ 2",0
"511","KwaZulu-Natal",4,2,4,1,"N_ 4 _ 2 _ 4 _ 1","dN_ 4 _ 2 _ 4 _ 1",0
"512","KwaZulu-Natal",4,2,4,2,"N_ 4 _ 2 _ 4 _ 2","dN_ 4 _ 2 _ 4 _ 2",0
"513","KwaZulu-Natal",5,1,1,1,"N_ 5 _ 1 _ 1 _ 1","dN_ 5 _ 1 _ 1 _ 1",0
"514","KwaZulu-Natal",5,1,1,2,"N_ 5 _ 1 _ 1 _ 2","dN_ 5 _ 1 _ 1 _ 2",0
"515","KwaZulu-Natal",5,1,2,1,"N_ 5 _ 1 _ 2 _ 1","dN_ 5 _ 1 _ 2 _ 1",0
"516","KwaZulu-Natal",5,1,2,2,"N_ 5 _ 1 _ 2 _ 2","dN_ 5 _ 1 _ 2 _ 2",0
"517","KwaZulu-Natal",5,1,3,1,"N_ 5 _ 1 _ 3 _ 1","dN_ 5 _ 1 _ 3 _ 1",0
"518","KwaZulu-Natal",5,1,3,2,"N_ 5 _ 1 _ 3 _ 2","dN_ 5 _ 1 _ 3 _ 2",0
"519","KwaZulu-Natal",5,1,4,1,"N_ 5 _ 1 _ 4 _ 1","dN_ 5 _ 1 _ 4 _ 1",0
"520","KwaZulu-Natal",5,1,4,2,"N_ 5 _ 1 _ 4 _ 2","dN_ 5 _ 1 _ 4 _ 2",0
"521","KwaZulu-Natal",5,2,1,1,"N_ 5 _ 2 _ 1 _ 1","dN_ 5 _ 2 _ 1 _ 1",0
"522","KwaZulu-Natal",5,2,1,2,"N_ 5 _ 2 _ 1 _ 2","dN_ 5 _ 2 _ 1 _ 2",0
"523","KwaZulu-Natal",5,2,2,1,"N_ 5 _ 2 _ 2 _ 1","dN_ 5 _ 2 _ 2 _ 1",0
"524","KwaZulu-Natal",5,2,2,2,"N_ 5 _ 2 _ 2 _ 2","dN_ 5 _ 2 _ 2 _ 2",0
"525","KwaZulu-Natal",5,2,3,1,"N_ 5 _ 2 _ 3 _ 1","dN_ 5 _ 2 _ 3 _ 1",0
"526","KwaZulu-Natal",5,2,3,2,"N_ 5 _ 2 _ 3 _ 2","dN_ 5 _ 2 _ 3 _ 2",0
"527","KwaZulu-Natal",5,2,4,1,"N_ 5 _ 2 _ 4 _ 1","dN_ 5 _ 2 _ 4 _ 1",0
"528","KwaZulu-Natal",5,2,4,2,"N_ 5 _ 2 _ 4 _ 2","dN_ 5 _ 2 _ 4 _ 2",0
"529","KwaZulu-Natal",6,1,1,1,"N_ 6 _ 1 _ 1 _ 1","dN_ 6 _ 1 _ 1 _ 1",166.988499906031
"530","KwaZulu-Natal",6,1,1,2,"N_ 6 _ 1 _ 1 _ 2","dN_ 6 _ 1 _ 1 _ 2",864.650979598738
"531","KwaZulu-Natal",6,1,2,1,"N_ 6 _ 1 _ 2 _ 1","dN_ 6 _ 1 _ 2 _ 1",0
"532","KwaZulu-Natal",6,1,2,2,"N_ 6 _ 1 _ 2 _ 2","dN_ 6 _ 1 _ 2 _ 2",0
"533","KwaZulu-Natal",6,1,3,1,"N_ 6 _ 1 _ 3 _ 1","dN_ 6 _ 1 _ 3 _ 1",0
"534","KwaZulu-Natal",6,1,3,2,"N_ 6 _ 1 _ 3 _ 2","dN_ 6 _ 1 _ 3 _ 2",0
"535","KwaZulu-Natal",6,1,4,1,"N_ 6 _ 1 _ 4 _ 1","dN_ 6 _ 1 _ 4 _ 1",0
"536","KwaZulu-Natal",6,1,4,2,"N_ 6 _ 1 _ 4 _ 2","dN_ 6 _ 1 _ 4 _ 2",0
"537","KwaZulu-Natal",6,2,1,1,"N_ 6 _ 2 _ 1 _ 1","dN_ 6 _ 2 _ 1 _ 1",0.468934396236727
"538","KwaZulu-Natal",6,2,1,2,"N_ 6 _ 2 _ 1 _ 2","dN_ 6 _ 2 _ 1 _ 2",1.82370731997107
"539","KwaZulu-Natal",6,2,2,1,"N_ 6 _ 2 _ 2 _ 1","dN_ 6 _ 2 _ 2 _ 1",0
"540","KwaZulu-Natal",6,2,2,2,"N_ 6 _ 2 _ 2 _ 2","dN_ 6 _ 2 _ 2 _ 2",0
"541","KwaZulu-Natal",6,2,3,1,"N_ 6 _ 2 _ 3 _ 1","dN_ 6 _ 2 _ 3 _ 1",0
"542","KwaZulu-Natal",6,2,3,2,"N_ 6 _ 2 _ 3 _ 2","dN_ 6 _ 2 _ 3 _ 2",0
"543","KwaZulu-Natal",6,2,4,1,"N_ 6 _ 2 _ 4 _ 1","dN_ 6 _ 2 _ 4 _ 1",0
"544","KwaZulu-Natal",6,2,4,2,"N_ 6 _ 2 _ 4 _ 2","dN_ 6 _ 2 _ 4 _ 2",0
"545","KwaZulu-Natal",7,1,1,1,"N_ 7 _ 1 _ 1 _ 1","dN_ 7 _ 1 _ 1 _ 1",0
"546","KwaZulu-Natal",7,1,1,2,"N_ 7 _ 1 _ 1 _ 2","dN_ 7 _ 1 _ 1 _ 2",0
"547","KwaZulu-Natal",7,1,2,1,"N_ 7 _ 1 _ 2 _ 1","dN_ 7 _ 1 _ 2 _ 1",0
"548","KwaZulu-Natal",7,1,2,2,"N_ 7 _ 1 _ 2 _ 2","dN_ 7 _ 1 _ 2 _ 2",0
"549","KwaZulu-Natal",7,1,3,1,"N_ 7 _ 1 _ 3 _ 1","dN_ 7 _ 1 _ 3 _ 1",0
"550","KwaZulu-Natal",7,1,3,2,"N_ 7 _ 1 _ 3 _ 2","dN_ 7 _ 1 _ 3 _ 2",0
"551","KwaZulu-Natal",7,1,4,1,"N_ 7 _ 1 _ 4 _ 1","dN_ 7 _ 1 _ 4 _ 1",0
"552","KwaZulu-Natal",7,1,4,2,"N_ 7 _ 1 _ 4 _ 2","dN_ 7 _ 1 _ 4 _ 2",0
"553","KwaZulu-Natal",7,2,1,1,"N_ 7 _ 2 _ 1 _ 1","dN_ 7 _ 2 _ 1 _ 1",0
"554","KwaZulu-Natal",7,2,1,2,"N_ 7 _ 2 _ 1 _ 2","dN_ 7 _ 2 _ 1 _ 2",0
"555","KwaZulu-Natal",7,2,2,1,"N_ 7 _ 2 _ 2 _ 1","dN_ 7 _ 2 _ 2 _ 1",0
"556","KwaZulu-Natal",7,2,2,2,"N_ 7 _ 2 _ 2 _ 2","dN_ 7 _ 2 _ 2 _ 2",0
"557","KwaZulu-Natal",7,2,3,1,"N_ 7 _ 2 _ 3 _ 1","dN_ 7 _ 2 _ 3 _ 1",0
"558","KwaZulu-Natal",7,2,3,2,"N_ 7 _ 2 _ 3 _ 2","dN_ 7 _ 2 _ 3 _ 2",0
"559","KwaZulu-Natal",7,2,4,1,"N_ 7 _ 2 _ 4 _ 1","dN_ 7 _ 2 _ 4 _ 1",0
"560","KwaZulu-Natal",7,2,4,2,"N_ 7 _ 2 _ 4 _ 2","dN_ 7 _ 2 _ 4 _ 2",0
"561","Northern Cape",1,1,1,1,"N_ 1 _ 1 _ 1 _ 1","dN_ 1 _ 1 _ 1 _ 1",25738.3053790862
"562","Northern Cape",1,1,1,2,"N_ 1 _ 1 _ 1 _ 2","dN_ 1 _ 1 _ 1 _ 2",25967.8444413144
"563","Northern Cape",1,1,2,1,"N_ 1 _ 1 _ 2 _ 1","dN_ 1 _ 1 _ 2 _ 1",0
"564","Northern Cape",1,1,2,2,"N_ 1 _ 1 _ 2 _ 2","dN_ 1 _ 1 _ 2 _ 2",0
"565","Northern Cape",1,1,3,1,"N_ 1 _ 1 _ 3 _ 1","dN_ 1 _ 1 _ 3 _ 1",0
"566","Northern Cape",1,1,3,2,"N_ 1 _ 1 _ 3 _ 2","dN_ 1 _ 1 _ 3 _ 2",0
"567","Northern Cape",1,1,4,1,"N_ 1 _ 1 _ 4 _ 1","dN_ 1 _ 1 _ 4 _ 1",0
"568","Northern Cape",1,1,4,2,"N_ 1 _ 1 _ 4 _ 2","dN_ 1 _ 1 _ 4 _ 2",0
"569","Northern Cape",1,2,1,1,"N_ 1 _ 2 _ 1 _ 1","dN_ 1 _ 2 _ 1 _ 1",0
"570","Northern Cape",1,2,1,2,"N_ 1 _ 2 _ 1 _ 2","dN_ 1 _ 2 _ 1 _ 2",0
"571","Northern Cape",1,2,2,1,"N_ 1 _ 2 _ 2 _ 1","dN_ 1 _ 2 _ 2 _ 1",0
"572","Northern Cape",1,2,2,2,"N_ 1 _ 2 _ 2 _ 2","dN_ 1 _ 2 _ 2 _ 2",0
"573","Northern Cape",1,2,3,1,"N_ 1 _ 2 _ 3 _ 1","dN_ 1 _ 2 _ 3 _ 1",0
"574","Northern Cape",1,2,3,2,"N_ 1 _ 2 _ 3 _ 2","dN_ 1 _ 2 _ 3 _ 2",0
"575","Northern Cape",1,2,4,1,"N_ 1 _ 2 _ 4 _ 1","dN_ 1 _ 2 _ 4 _ 1",0
"576","Northern Cape",1,2,4,2,"N_ 1 _ 2 _ 4 _ 2","dN_ 1 _ 2 _ 4 _ 2",0
"577","Northern Cape",2,1,1,1,"N_ 2 _ 1 _ 1 _ 1","dN_ 2 _ 1 _ 1 _ 1",3045.45690737803
"578","Northern Cape",2,1,1,2,"N_ 2 _ 1 _ 1 _ 2","dN_ 2 _ 1 _ 1 _ 2",3089.12005509136
"579","Northern Cape",2,1,2,1,"N_ 2 _ 1 _ 2 _ 1","dN_ 2 _ 1 _ 2 _ 1",0
"580","Northern Cape",2,1,2,2,"N_ 2 _ 1 _ 2 _ 2","dN_ 2 _ 1 _ 2 _ 2",0
"581","Northern Cape",2,1,3,1,"N_ 2 _ 1 _ 3 _ 1","dN_ 2 _ 1 _ 3 _ 1",0
"582","Northern Cape",2,1,3,2,"N_ 2 _ 1 _ 3 _ 2","dN_ 2 _ 1 _ 3 _ 2",0
"583","Northern Cape",2,1,4,1,"N_ 2 _ 1 _ 4 _ 1","dN_ 2 _ 1 _ 4 _ 1",0
"584","Northern Cape",2,1,4,2,"N_ 2 _ 1 _ 4 _ 2","dN_ 2 _ 1 _ 4 _ 2",0
"585","Northern Cape",2,2,1,1,"N_ 2 _ 2 _ 1 _ 1","dN_ 2 _ 2 _ 1 _ 1",113.730755877188
"586","Northern Cape",2,2,1,2,"N_ 2 _ 2 _ 1 _ 2","dN_ 2 _ 2 _ 1 _ 2",115.361329858183
"587","Northern Cape",2,2,2,1,"N_ 2 _ 2 _ 2 _ 1","dN_ 2 _ 2 _ 2 _ 1",0
"588","Northern Cape",2,2,2,2,"N_ 2 _ 2 _ 2 _ 2","dN_ 2 _ 2 _ 2 _ 2",0
"589","Northern Cape",2,2,3,1,"N_ 2 _ 2 _ 3 _ 1","dN_ 2 _ 2 _ 3 _ 1",0
"590","Northern Cape",2,2,3,2,"N_ 2 _ 2 _ 3 _ 2","dN_ 2 _ 2 _ 3 _ 2",0
"591","Northern Cape",2,2,4,1,"N_ 2 _ 2 _ 4 _ 1","dN_ 2 _ 2 _ 4 _ 1",0
"592","Northern Cape",2,2,4,2,"N_ 2 _ 2 _ 4 _ 2","dN_ 2 _ 2 _ 4 _ 2",0
"593","Northern Cape",3,1,1,1,"N_ 3 _ 1 _ 1 _ 1","dN_ 3 _ 1 _ 1 _ 1",19795.4698979572
"594","Northern Cape",3,1,1,2,"N_ 3 _ 1 _ 1 _ 2","dN_ 3 _ 1 _ 1 _ 2",20079.2803580938
"595","Northern Cape",3,1,2,1,"N_ 3 _ 1 _ 2 _ 1","dN_ 3 _ 1 _ 2 _ 1",0
"596","Northern Cape",3,1,2,2,"N_ 3 _ 1 _ 2 _ 2","dN_ 3 _ 1 _ 2 _ 2",0
"597","Northern Cape",3,1,3,1,"N_ 3 _ 1 _ 3 _ 1","dN_ 3 _ 1 _ 3 _ 1",0
"598","Northern Cape",3,1,3,2,"N_ 3 _ 1 _ 3 _ 2","dN_ 3 _ 1 _ 3 _ 2",0
"599","Northern Cape",3,1,4,1,"N_ 3 _ 1 _ 4 _ 1","dN_ 3 _ 1 _ 4 _ 1",0
"600","Northern Cape",3,1,4,2,"N_ 3 _ 1 _ 4 _ 2","dN_ 3 _ 1 _ 4 _ 2",0
"601","Northern Cape",3,2,1,1,"N_ 3 _ 2 _ 1 _ 1","dN_ 3 _ 2 _ 1 _ 1",739.249913201721
"602","Northern Cape",3,2,1,2,"N_ 3 _ 2 _ 1 _ 2","dN_ 3 _ 2 _ 1 _ 2",749.848644078193
"603","Northern Cape",3,2,2,1,"N_ 3 _ 2 _ 2 _ 1","dN_ 3 _ 2 _ 2 _ 1",0
"604","Northern Cape",3,2,2,2,"N_ 3 _ 2 _ 2 _ 2","dN_ 3 _ 2 _ 2 _ 2",0
"605","Northern Cape",3,2,3,1,"N_ 3 _ 2 _ 3 _ 1","dN_ 3 _ 2 _ 3 _ 1",0
"606","Northern Cape",3,2,3,2,"N_ 3 _ 2 _ 3 _ 2","dN_ 3 _ 2 _ 3 _ 2",0
"607","Northern Cape",3,2,4,1,"N_ 3 _ 2 _ 4 _ 1","dN_ 3 _ 2 _ 4 _ 1",0
"608","Northern Cape",3,2,4,2,"N_ 3 _ 2 _ 4 _ 2","dN_ 3 _ 2 _ 4 _ 2",0
"609","Northern Cape",4,1,1,1,"N_ 4 _ 1 _ 1 _ 1","dN_ 4 _ 1 _ 1 _ 1",0
"610","Northern Cape",4,1,1,2,"N_ 4 _ 1 _ 1 _ 2","dN_ 4 _ 1 _ 1 _ 2",0
"611","Northern Cape",4,1,2,1,"N_ 4 _ 1 _ 2 _ 1","dN_ 4 _ 1 _ 2 _ 1",0
"612","Northern Cape",4,1,2,2,"N_ 4 _ 1 _ 2 _ 2","dN_ 4 _ 1 _ 2 _ 2",0
"613","Northern Cape",4,1,3,1,"N_ 4 _ 1 _ 3 _ 1","dN_ 4 _ 1 _ 3 _ 1",0
"614","Northern Cape",4,1,3,2,"N_ 4 _ 1 _ 3 _ 2","dN_ 4 _ 1 _ 3 _ 2",0
"615","Northern Cape",4,1,4,1,"N_ 4 _ 1 _ 4 _ 1","dN_ 4 _ 1 _ 4 _ 1",0
"616","Northern Cape",4,1,4,2,"N_ 4 _ 1 _ 4 _ 2","dN_ 4 _ 1 _ 4 _ 2",0
"617","Northern Cape",4,2,1,1,"N_ 4 _ 2 _ 1 _ 1","dN_ 4 _ 2 _ 1 _ 1",0
"618","Northern Cape",4,2,1,2,"N_ 4 _ 2 _ 1 _ 2","dN_ 4 _ 2 _ 1 _ 2",0
"619","Northern Cape",4,2,2,1,"N_ 4 _ 2 _ 2 _ 1","dN_ 4 _ 2 _ 2 _ 1",0
"620","Northern Cape",4,2,2,2,"N_ 4 _ 2 _ 2 _ 2","dN_ 4 _ 2 _ 2 _ 2",0
"621","Northern Cape",4,2,3,1,"N_ 4 _ 2 _ 3 _ 1","dN_ 4 _ 2 _ 3 _ 1",0
"622","Northern Cape",4,2,3,2,"N_ 4 _ 2 _ 3 _ 2","dN_ 4 _ 2 _ 3 _ 2",0
"623","Northern Cape",4,2,4,1,"N_ 4 _ 2 _ 4 _ 1","dN_ 4 _ 2 _ 4 _ 1",0
"624","Northern Cape",4,2,4,2,"N_ 4 _ 2 _ 4 _ 2","dN_ 4 _ 2 _ 4 _ 2",0
"625","Northern Cape",5,1,1,1,"N_ 5 _ 1 _ 1 _ 1","dN_ 5 _ 1 _ 1 _ 1",0
"626","Northern Cape",5,1,1,2,"N_ 5 _ 1 _ 1 _ 2","dN_ 5 _ 1 _ 1 _ 2",0
"627","Northern Cape",5,1,2,1,"N_ 5 _ 1 _ 2 _ 1","dN_ 5 _ 1 _ 2 _ 1",0
"628","Northern Cape",5,1,2,2,"N_ 5 _ 1 _ 2 _ 2","dN_ 5 _ 1 _ 2 _ 2",0
"629","Northern Cape",5,1,3,1,"N_ 5 _ 1 _ 3 _ 1","dN_ 5 _ 1 _ 3 _ 1",0
"630","Northern Cape",5,1,3,2,"N_ 5 _ 1 _ 3 _ 2","dN_ 5 _ 1 _ 3 _ 2",0
"631","Northern Cape",5,1,4,1,"N_ 5 _ 1 _ 4 _ 1","dN_ 5 _ 1 _ 4 _ 1",0
"632","Northern Cape",5,1,4,2,"N_ 5 _ 1 _ 4 _ 2","dN_ 5 _ 1 _ 4 _ 2",0
"633","Northern Cape",5,2,1,1,"N_ 5 _ 2 _ 1 _ 1","dN_ 5 _ 2 _ 1 _ 1",0
"634","Northern Cape",5,2,1,2,"N_ 5 _ 2 _ 1 _ 2","dN_ 5 _ 2 _ 1 _ 2",0
"635","Northern Cape",5,2,2,1,"N_ 5 _ 2 _ 2 _ 1","dN_ 5 _ 2 _ 2 _ 1",0
"636","Northern Cape",5,2,2,2,"N_ 5 _ 2 _ 2 _ 2","dN_ 5 _ 2 _ 2 _ 2",0
"637","Northern Cape",5,2,3,1,"N_ 5 _ 2 _ 3 _ 1","dN_ 5 _ 2 _ 3 _ 1",0
"638","Northern Cape",5,2,3,2,"N_ 5 _ 2 _ 3 _ 2","dN_ 5 _ 2 _ 3 _ 2",0
"639","Northern Cape",5,2,4,1,"N_ 5 _ 2 _ 4 _ 1","dN_ 5 _ 2 _ 4 _ 1",0
"640","Northern Cape",5,2,4,2,"N_ 5 _ 2 _ 4 _ 2","dN_ 5 _ 2 _ 4 _ 2",0
"641","Northern Cape",6,1,1,1,"N_ 6 _ 1 _ 1 _ 1","dN_ 6 _ 1 _ 1 _ 1",112.85674475485
"642","Northern Cape",6,1,1,2,"N_ 6 _ 1 _ 1 _ 2","dN_ 6 _ 1 _ 1 _ 2",451.011976331467
"643","Northern Cape",6,1,2,1,"N_ 6 _ 1 _ 2 _ 1","dN_ 6 _ 1 _ 2 _ 1",0
"644","Northern Cape",6,1,2,2,"N_ 6 _ 1 _ 2 _ 2","dN_ 6 _ 1 _ 2 _ 2",0
"645","Northern Cape",6,1,3,1,"N_ 6 _ 1 _ 3 _ 1","dN_ 6 _ 1 _ 3 _ 1",0
"646","Northern Cape",6,1,3,2,"N_ 6 _ 1 _ 3 _ 2","dN_ 6 _ 1 _ 3 _ 2",0
"647","Northern Cape",6,1,4,1,"N_ 6 _ 1 _ 4 _ 1","dN_ 6 _ 1 _ 4 _ 1",0
"648","Northern Cape",6,1,4,2,"N_ 6 _ 1 _ 4 _ 2","dN_ 6 _ 1 _ 4 _ 2",0
"649","Northern Cape",6,2,1,1,"N_ 6 _ 2 _ 1 _ 1","dN_ 6 _ 2 _ 1 _ 1",0.540916007240593
"650","Northern Cape",6,2,1,2,"N_ 6 _ 2 _ 1 _ 2","dN_ 6 _ 2 _ 1 _ 2",1.92268097017584
"651","Northern Cape",6,2,2,1,"N_ 6 _ 2 _ 2 _ 1","dN_ 6 _ 2 _ 2 _ 1",0
"652","Northern Cape",6,2,2,2,"N_ 6 _ 2 _ 2 _ 2","dN_ 6 _ 2 _ 2 _ 2",0
"653","Northern Cape",6,2,3,1,"N_ 6 _ 2 _ 3 _ 1","dN_ 6 _ 2 _ 3 _ 1",0
"654","Northern Cape",6,2,3,2,"N_ 6 _ 2 _ 3 _ 2","dN_ 6 _ 2 _ 3 _ 2",0
"655","Northern Cape",6,2,4,1,"N_ 6 _ 2 _ 4 _ 1","dN_ 6 _ 2 _ 4 _ 1",0
"656","Northern Cape",6,2,4,2,"N_ 6 _ 2 _ 4 _ 2","dN_ 6 _ 2 _ 4 _ 2",0
"657","Northern Cape",7,1,1,1,"N_ 7 _ 1 _ 1 _ 1","dN_ 7 _ 1 _ 1 _ 1",0
"658","Northern Cape",7,1,1,2,"N_ 7 _ 1 _ 1 _ 2","dN_ 7 _ 1 _ 1 _ 2",0
"659","Northern Cape",7,1,2,1,"N_ 7 _ 1 _ 2 _ 1","dN_ 7 _ 1 _ 2 _ 1",0
"660","Northern Cape",7,1,2,2,"N_ 7 _ 1 _ 2 _ 2","dN_ 7 _ 1 _ 2 _ 2",0
"661","Northern Cape",7,1,3,1,"N_ 7 _ 1 _ 3 _ 1","dN_ 7 _ 1 _ 3 _ 1",0
"662","Northern Cape",7,1,3,2,"N_ 7 _ 1 _ 3 _ 2","dN_ 7 _ 1 _ 3 _ 2",0
"663","Northern Cape",7,1,4,1,"N_ 7 _ 1 _ 4 _ 1","dN_ 7 _ 1 _ 4 _ 1",0
"664","Northern Cape",7,1,4,2,"N_ 7 _ 1 _ 4 _ 2","dN_ 7 _ 1 _ 4 _ 2",0
"665","Northern Cape",7,2,1,1,"N_ 7 _ 2 _ 1 _ 1","dN_ 7 _ 2 _ 1 _ 1",0
"666","Northern Cape",7,2,1,2,"N_ 7 _ 2 _ 1 _ 2","dN_ 7 _ 2 _ 1 _ 2",0
"667","Northern Cape",7,2,2,1,"N_ 7 _ 2 _ 2 _ 1","dN_ 7 _ 2 _ 2 _ 1",0
"668","Northern Cape",7,2,2,2,"N_ 7 _ 2 _ 2 _ 2","dN_ 7 _ 2 _ 2 _ 2",0
"669","Northern Cape",7,2,3,1,"N_ 7 _ 2 _ 3 _ 1","dN_ 7 _ 2 _ 3 _ 1",0
"670","Northern Cape",7,2,3,2,"N_ 7 _ 2 _ 3 _ 2","dN_ 7 _ 2 _ 3 _ 2",0
"671","Northern Cape",7,2,4,1,"N_ 7 _ 2 _ 4 _ 1","dN_ 7 _ 2 _ 4 _ 1",0
"672","Northern Cape",7,2,4,2,"N_ 7 _ 2 _ 4 _ 2","dN_ 7 _ 2 _ 4 _ 2",0
"673","Eastern Cape",1,1,1,1,"N_ 1 _ 1 _ 1 _ 1","dN_ 1 _ 1 _ 1 _ 1",24178.3200993582
"674","Eastern Cape",1,1,1,2,"N_ 1 _ 1 _ 1 _ 2","dN_ 1 _ 1 _ 1 _ 2",27395.8789062947
"675","Eastern Cape",1,1,2,1,"N_ 1 _ 1 _ 2 _ 1","dN_ 1 _ 1 _ 2 _ 1",0
"676","Eastern Cape",1,1,2,2,"N_ 1 _ 1 _ 2 _ 2","dN_ 1 _ 1 _ 2 _ 2",0
"677","Eastern Cape",1,1,3,1,"N_ 1 _ 1 _ 3 _ 1","dN_ 1 _ 1 _ 3 _ 1",0
"678","Eastern Cape",1,1,3,2,"N_ 1 _ 1 _ 3 _ 2","dN_ 1 _ 1 _ 3 _ 2",0
"679","Eastern Cape",1,1,4,1,"N_ 1 _ 1 _ 4 _ 1","dN_ 1 _ 1 _ 4 _ 1",0
"680","Eastern Cape",1,1,4,2,"N_ 1 _ 1 _ 4 _ 2","dN_ 1 _ 1 _ 4 _ 2",0
"681","Eastern Cape",1,2,1,1,"N_ 1 _ 2 _ 1 _ 1","dN_ 1 _ 2 _ 1 _ 1",0
"682","Eastern Cape",1,2,1,2,"N_ 1 _ 2 _ 1 _ 2","dN_ 1 _ 2 _ 1 _ 2",0
"683","Eastern Cape",1,2,2,1,"N_ 1 _ 2 _ 2 _ 1","dN_ 1 _ 2 _ 2 _ 1",0
"684","Eastern Cape",1,2,2,2,"N_ 1 _ 2 _ 2 _ 2","dN_ 1 _ 2 _ 2 _ 2",0
"685","Eastern Cape",1,2,3,1,"N_ 1 _ 2 _ 3 _ 1","dN_ 1 _ 2 _ 3 _ 1",0
"686","Eastern Cape",1,2,3,2,"N_ 1 _ 2 _ 3 _ 2","dN_ 1 _ 2 _ 3 _ 2",0
"687","Eastern Cape",1,2,4,1,"N_ 1 _ 2 _ 4 _ 1","dN_ 1 _ 2 _ 4 _ 1",0
"688","Eastern Cape",1,2,4,2,"N_ 1 _ 2 _ 4 _ 2","dN_ 1 _ 2 _ 4 _ 2",0
"689","Eastern Cape",2,1,1,1,"N_ 2 _ 1 _ 1 _ 1","dN_ 2 _ 1 _ 1 _ 1",2869.54833530346
"690","Eastern Cape",2,1,1,2,"N_ 2 _ 1 _ 1 _ 2","dN_ 2 _ 1 _ 1 _ 2",3275.06936216087
"691","Eastern Cape",2,1,2,1,"N_ 2 _ 1 _ 2 _ 1","dN_ 2 _ 1 _ 2 _ 1",0
"692","Eastern Cape",2,1,2,2,"N_ 2 _ 1 _ 2 _ 2","dN_ 2 _ 1 _ 2 _ 2",0
"693","Eastern Cape",2,1,3,1,"N_ 2 _ 1 _ 3 _ 1","dN_ 2 _ 1 _ 3 _ 1",0
"694","Eastern Cape",2,1,3,2,"N_ 2 _ 1 _ 3 _ 2","dN_ 2 _ 1 _ 3 _ 2",0
"695","Eastern Cape",2,1,4,1,"N_ 2 _ 1 _ 4 _ 1","dN_ 2 _ 1 _ 4 _ 1",0
"696","Eastern Cape",2,1,4,2,"N_ 2 _ 1 _ 4 _ 2","dN_ 2 _ 1 _ 4 _ 2",0
"697","Eastern Cape",2,2,1,1,"N_ 2 _ 2 _ 1 _ 1","dN_ 2 _ 2 _ 1 _ 1",107.161556090171
"698","Eastern Cape",2,2,1,2,"N_ 2 _ 2 _ 1 _ 2","dN_ 2 _ 2 _ 1 _ 2",122.305494852481
"699","Eastern Cape",2,2,2,1,"N_ 2 _ 2 _ 2 _ 1","dN_ 2 _ 2 _ 2 _ 1",0
"700","Eastern Cape",2,2,2,2,"N_ 2 _ 2 _ 2 _ 2","dN_ 2 _ 2 _ 2 _ 2",0
"701","Eastern Cape",2,2,3,1,"N_ 2 _ 2 _ 3 _ 1","dN_ 2 _ 2 _ 3 _ 1",0
"702","Eastern Cape",2,2,3,2,"N_ 2 _ 2 _ 3 _ 2","dN_ 2 _ 2 _ 3 _ 2",0
"703","Eastern Cape",2,2,4,1,"N_ 2 _ 2 _ 4 _ 1","dN_ 2 _ 2 _ 4 _ 1",0
"704","Eastern Cape",2,2,4,2,"N_ 2 _ 2 _ 4 _ 2","dN_ 2 _ 2 _ 4 _ 2",0
"705","Eastern Cape",3,1,1,1,"N_ 3 _ 1 _ 1 _ 1","dN_ 3 _ 1 _ 1 _ 1",18652.0641794725
"706","Eastern Cape",3,1,1,2,"N_ 3 _ 1 _ 1 _ 2","dN_ 3 _ 1 _ 1 _ 2",21287.9508540456
"707","Eastern Cape",3,1,2,1,"N_ 3 _ 1 _ 2 _ 1","dN_ 3 _ 1 _ 2 _ 1",0
"708","Eastern Cape",3,1,2,2,"N_ 3 _ 1 _ 2 _ 2","dN_ 3 _ 1 _ 2 _ 2",0
"709","Eastern Cape",3,1,3,1,"N_ 3 _ 1 _ 3 _ 1","dN_ 3 _ 1 _ 3 _ 1",0
"710","Eastern Cape",3,1,3,2,"N_ 3 _ 1 _ 3 _ 2","dN_ 3 _ 1 _ 3 _ 2",0
"711","Eastern Cape",3,1,4,1,"N_ 3 _ 1 _ 4 _ 1","dN_ 3 _ 1 _ 4 _ 1",0
"712","Eastern Cape",3,1,4,2,"N_ 3 _ 1 _ 4 _ 2","dN_ 3 _ 1 _ 4 _ 2",0
"713","Eastern Cape",3,2,1,1,"N_ 3 _ 2 _ 1 _ 1","dN_ 3 _ 2 _ 1 _ 1",696.55011458611
"714","Eastern Cape",3,2,1,2,"N_ 3 _ 2 _ 1 _ 2","dN_ 3 _ 2 _ 1 _ 2",794.985716541124
"715","Eastern Cape",3,2,2,1,"N_ 3 _ 2 _ 2 _ 1","dN_ 3 _ 2 _ 2 _ 1",0
"716","Eastern Cape",3,2,2,2,"N_ 3 _ 2 _ 2 _ 2","dN_ 3 _ 2 _ 2 _ 2",0
"717","Eastern Cape",3,2,3,1,"N_ 3 _ 2 _ 3 _ 1","dN_ 3 _ 2 _ 3 _ 1",0
"718","Eastern Cape",3,2,3,2,"N_ 3 _ 2 _ 3 _ 2","dN_ 3 _ 2 _ 3 _ 2",0
"719","Eastern Cape",3,2,4,1,"N_ 3 _ 2 _ 4 _ 1","dN_ 3 _ 2 _ 4 _ 1",0
"720","Eastern Cape",3,2,4,2,"N_ 3 _ 2 _ 4 _ 2","dN_ 3 _ 2 _ 4 _ 2",0
"721","Eastern Cape",4,1,1,1,"N_ 4 _ 1 _ 1 _ 1","dN_ 4 _ 1 _ 1 _ 1",0
"722","Eastern Cape",4,1,1,2,"N_ 4 _ 1 _ 1 _ 2","dN_ 4 _ 1 _ 1 _ 2",0
"723","Eastern Cape",4,1,2,1,"N_ 4 _ 1 _ 2 _ 1","dN_ 4 _ 1 _ 2 _ 1",0
"724","Eastern Cape",4,1,2,2,"N_ 4 _ 1 _ 2 _ 2","dN_ 4 _ 1 _ 2 _ 2",0
"725","Eastern Cape",4,1,3,1,"N_ 4 _ 1 _ 3 _ 1","dN_ 4 _ 1 _ 3 _ 1",0
"726","Eastern Cape",4,1,3,2,"N_ 4 _ 1 _ 3 _ 2","dN_ 4 _ 1 _ 3 _ 2",0
"727","Eastern Cape",4,1,4,1,"N_ 4 _ 1 _ 4 _ 1","dN_ 4 _ 1 _ 4 _ 1",0
"728","Eastern Cape",4,1,4,2,"N_ 4 _ 1 _ 4 _ 2","dN_ 4 _ 1 _ 4 _ 2",0
"729","Eastern Cape",4,2,1,1,"N_ 4 _ 2 _ 1 _ 1","dN_ 4 _ 2 _ 1 _ 1",0
"730","Eastern Cape",4,2,1,2,"N_ 4 _ 2 _ 1 _ 2","dN_ 4 _ 2 _ 1 _ 2",0
"731","Eastern Cape",4,2,2,1,"N_ 4 _ 2 _ 2 _ 1","dN_ 4 _ 2 _ 2 _ 1",0
"732","Eastern Cape",4,2,2,2,"N_ 4 _ 2 _ 2 _ 2","dN_ 4 _ 2 _ 2 _ 2",0
"733","Eastern Cape",4,2,3,1,"N_ 4 _ 2 _ 3 _ 1","dN_ 4 _ 2 _ 3 _ 1",0
"734","Eastern Cape",4,2,3,2,"N_ 4 _ 2 _ 3 _ 2","dN_ 4 _ 2 _ 3 _ 2",0
"735","Eastern Cape",4,2,4,1,"N_ 4 _ 2 _ 4 _ 1","dN_ 4 _ 2 _ 4 _ 1",0
"736","Eastern Cape",4,2,4,2,"N_ 4 _ 2 _ 4 _ 2","dN_ 4 _ 2 _ 4 _ 2",0
"737","Eastern Cape",5,1,1,1,"N_ 5 _ 1 _ 1 _ 1","dN_ 5 _ 1 _ 1 _ 1",0
"738","Eastern Cape",5,1,1,2,"N_ 5 _ 1 _ 1 _ 2","dN_ 5 _ 1 _ 1 _ 2",0
"739","Eastern Cape",5,1,2,1,"N_ 5 _ 1 _ 2 _ 1","dN_ 5 _ 1 _ 2 _ 1",0
"740","Eastern Cape",5,1,2,2,"N_ 5 _ 1 _ 2 _ 2","dN_ 5 _ 1 _ 2 _ 2",0
"741","Eastern Cape",5,1,3,1,"N_ 5 _ 1 _ 3 _ 1","dN_ 5 _ 1 _ 3 _ 1",0
"742","Eastern Cape",5,1,3,2,"N_ 5 _ 1 _ 3 _ 2","dN_ 5 _ 1 _ 3 _ 2",0
"743","Eastern Cape",5,1,4,1,"N_ 5 _ 1 _ 4 _ 1","dN_ 5 _ 1 _ 4 _ 1",0
"744","Eastern Cape",5,1,4,2,"N_ 5 _ 1 _ 4 _ 2","dN_ 5 _ 1 _ 4 _ 2",0
"745","Eastern Cape",5,2,1,1,"N_ 5 _ 2 _ 1 _ 1","dN_ 5 _ 2 _ 1 _ 1",0
"746","Eastern Cape",5,2,1,2,"N_ 5 _ 2 _ 1 _ 2","dN_ 5 _ 2 _ 1 _ 2",0
"747","Eastern Cape",5,2,2,1,"N_ 5 _ 2 _ 2 _ 1","dN_ 5 _ 2 _ 2 _ 1",0
"748","Eastern Cape",5,2,2,2,"N_ 5 _ 2 _ 2 _ 2","dN_ 5 _ 2 _ 2 _ 2",0
"749","Eastern Cape",5,2,3,1,"N_ 5 _ 2 _ 3 _ 1","dN_ 5 _ 2 _ 3 _ 1",0
"750","Eastern Cape",5,2,3,2,"N_ 5 _ 2 _ 3 _ 2","dN_ 5 _ 2 _ 3 _ 2",0
"751","Eastern Cape",5,2,4,1,"N_ 5 _ 2 _ 4 _ 1","dN_ 5 _ 2 _ 4 _ 1",0
"752","Eastern Cape",5,2,4,2,"N_ 5 _ 2 _ 4 _ 2","dN_ 5 _ 2 _ 4 _ 2",0
"753","Eastern Cape",6,1,1,1,"N_ 6 _ 1 _ 1 _ 1","dN_ 6 _ 1 _ 1 _ 1",100.451192543802
"754","Eastern Cape",6,1,1,2,"N_ 6 _ 1 _ 1 _ 2","dN_ 6 _ 1 _ 1 _ 2",517.695738545721
"755","Eastern Cape",6,1,2,1,"N_ 6 _ 1 _ 2 _ 1","dN_ 6 _ 1 _ 2 _ 1",0
"756","Eastern Cape",6,1,2,2,"N_ 6 _ 1 _ 2 _ 2","dN_ 6 _ 1 _ 2 _ 2",0
"757","Eastern Cape",6,1,3,1,"N_ 6 _ 1 _ 3 _ 1","dN_ 6 _ 1 _ 3 _ 1",0
"758","Eastern Cape",6,1,3,2,"N_ 6 _ 1 _ 3 _ 2","dN_ 6 _ 1 _ 3 _ 2",0
"759","Eastern Cape",6,1,4,1,"N_ 6 _ 1 _ 4 _ 1","dN_ 6 _ 1 _ 4 _ 1",0
"760","Eastern Cape",6,1,4,2,"N_ 6 _ 1 _ 4 _ 2","dN_ 6 _ 1 _ 4 _ 2",0
"761","Eastern Cape",6,2,1,1,"N_ 6 _ 2 _ 1 _ 1","dN_ 6 _ 2 _ 1 _ 1",0.370565240312977
"762","Eastern Cape",6,2,1,2,"N_ 6 _ 2 _ 1 _ 2","dN_ 6 _ 2 _ 1 _ 2",1.64788496500291
"763","Eastern Cape",6,2,2,1,"N_ 6 _ 2 _ 2 _ 1","dN_ 6 _ 2 _ 2 _ 1",0
"764","Eastern Cape",6,2,2,2,"N_ 6 _ 2 _ 2 _ 2","dN_ 6 _ 2 _ 2 _ 2",0
"765","Eastern Cape",6,2,3,1,"N_ 6 _ 2 _ 3 _ 1","dN_ 6 _ 2 _ 3 _ 1",0
"766","Eastern Cape",6,2,3,2,"N_ 6 _ 2 _ 3 _ 2","dN_ 6 _ 2 _ 3 _ 2",0
"767","Eastern Cape",6,2,4,1,"N_ 6 _ 2 _ 4 _ 1","dN_ 6 _ 2 _ 4 _ 1",0
"768","Eastern Cape",6,2,4,2,"N_ 6 _ 2 _ 4 _ 2","dN_ 6 _ 2 _ 4 _ 2",0
"769","Eastern Cape",7,1,1,1,"N_ 7 _ 1 _ 1 _ 1","dN_ 7 _ 1 _ 1 _ 1",0
"770","Eastern Cape",7,1,1,2,"N_ 7 _ 1 _ 1 _ 2","dN_ 7 _ 1 _ 1 _ 2",0
"771","Eastern Cape",7,1,2,1,"N_ 7 _ 1 _ 2 _ 1","dN_ 7 _ 1 _ 2 _ 1",0
"772","Eastern Cape",7,1,2,2,"N_ 7 _ 1 _ 2 _ 2","dN_ 7 _ 1 _ 2 _ 2",0
"773","Eastern Cape",7,1,3,1,"N_ 7 _ 1 _ 3 _ 1","dN_ 7 _ 1 _ 3 _ 1",0
"774","Eastern Cape",7,1,3,2,"N_ 7 _ 1 _ 3 _ 2","dN_ 7 _ 1 _ 3 _ 2",0
"775","Eastern Cape",7,1,4,1,"N_ 7 _ 1 _ 4 _ 1","dN_ 7 _ 1 _ 4 _ 1",0
"776","Eastern Cape",7,1,4,2,"N_ 7 _ 1 _ 4 _ 2","dN_ 7 _ 1 _ 4 _ 2",0
"777","Eastern Cape",7,2,1,1,"N_ 7 _ 2 _ 1 _ 1","dN_ 7 _ 2 _ 1 _ 1",0
"778","Eastern Cape",7,2,1,2,"N_ 7 _ 2 _ 1 _ 2","dN_ 7 _ 2 _ 1 _ 2",0
"779","Eastern Cape",7,2,2,1,"N_ 7 _ 2 _ 2 _ 1","dN_ 7 _ 2 _ 2 _ 1",0
"780","Eastern Cape",7,2,2,2,"N_ 7 _ 2 _ 2 _ 2","dN_ 7 _ 2 _ 2 _ 2",0
"781","Eastern Cape",7,2,3,1,"N_ 7 _ 2 _ 3 _ 1","dN_ 7 _ 2 _ 3 _ 1",0
"782","Eastern Cape",7,2,3,2,"N_ 7 _ 2 _ 3 _ 2","dN_ 7 _ 2 _ 3 _ 2",0
"783","Eastern Cape",7,2,4,1,"N_ 7 _ 2 _ 4 _ 1","dN_ 7 _ 2 _ 4 _ 1",0
"784","Eastern Cape",7,2,4,2,"N_ 7 _ 2 _ 4 _ 2","dN_ 7 _ 2 _ 4 _ 2",0
"785","Gauteng",1,1,1,1,"N_ 1 _ 1 _ 1 _ 1","dN_ 1 _ 1 _ 1 _ 1",26399.2747657143
"786","Gauteng",1,1,1,2,"N_ 1 _ 1 _ 1 _ 2","dN_ 1 _ 1 _ 1 _ 2",25721.4901345175
"787","Gauteng",1,1,2,1,"N_ 1 _ 1 _ 2 _ 1","dN_ 1 _ 1 _ 2 _ 1",0
"788","Gauteng",1,1,2,2,"N_ 1 _ 1 _ 2 _ 2","dN_ 1 _ 1 _ 2 _ 2",0
"789","Gauteng",1,1,3,1,"N_ 1 _ 1 _ 3 _ 1","dN_ 1 _ 1 _ 3 _ 1",0
"790","Gauteng",1,1,3,2,"N_ 1 _ 1 _ 3 _ 2","dN_ 1 _ 1 _ 3 _ 2",0
"791","Gauteng",1,1,4,1,"N_ 1 _ 1 _ 4 _ 1","dN_ 1 _ 1 _ 4 _ 1",0
"792","Gauteng",1,1,4,2,"N_ 1 _ 1 _ 4 _ 2","dN_ 1 _ 1 _ 4 _ 2",0
"793","Gauteng",1,2,1,1,"N_ 1 _ 2 _ 1 _ 1","dN_ 1 _ 2 _ 1 _ 1",0
"794","Gauteng",1,2,1,2,"N_ 1 _ 2 _ 1 _ 2","dN_ 1 _ 2 _ 1 _ 2",0
"795","Gauteng",1,2,2,1,"N_ 1 _ 2 _ 2 _ 1","dN_ 1 _ 2 _ 2 _ 1",0
"796","Gauteng",1,2,2,2,"N_ 1 _ 2 _ 2 _ 2","dN_ 1 _ 2 _ 2 _ 2",0
"797","Gauteng",1,2,3,1,"N_ 1 _ 2 _ 3 _ 1","dN_ 1 _ 2 _ 3 _ 1",0
"798","Gauteng",1,2,3,2,"N_ 1 _ 2 _ 3 _ 2","dN_ 1 _ 2 _ 3 _ 2",0
"799","Gauteng",1,2,4,1,"N_ 1 _ 2 _ 4 _ 1","dN_ 1 _ 2 _ 4 _ 1",0
"800","Gauteng",1,2,4,2,"N_ 1 _ 2 _ 4 _ 2","dN_ 1 _ 2 _ 4 _ 2",0
"801","Gauteng",2,1,1,1,"N_ 2 _ 1 _ 1 _ 1","dN_ 2 _ 1 _ 1 _ 1",3070.11808703871
"802","Gauteng",2,1,1,2,"N_ 2 _ 1 _ 1 _ 2","dN_ 2 _ 1 _ 1 _ 2",3009.87232816529
"803","Gauteng",2,1,2,1,"N_ 2 _ 1 _ 2 _ 1","dN_ 2 _ 1 _ 2 _ 1",0
"804","Gauteng",2,1,2,2,"N_ 2 _ 1 _ 2 _ 2","dN_ 2 _ 1 _ 2 _ 2",0
"805","Gauteng",2,1,3,1,"N_ 2 _ 1 _ 3 _ 1","dN_ 2 _ 1 _ 3 _ 1",0
"806","Gauteng",2,1,3,2,"N_ 2 _ 1 _ 3 _ 2","dN_ 2 _ 1 _ 3 _ 2",0
"807","Gauteng",2,1,4,1,"N_ 2 _ 1 _ 4 _ 1","dN_ 2 _ 1 _ 4 _ 1",0
"808","Gauteng",2,1,4,2,"N_ 2 _ 1 _ 4 _ 2","dN_ 2 _ 1 _ 4 _ 2",0
"809","Gauteng",2,2,1,1,"N_ 2 _ 2 _ 1 _ 1","dN_ 2 _ 2 _ 1 _ 1",114.651712793977
"810","Gauteng",2,2,1,2,"N_ 2 _ 2 _ 1 _ 2","dN_ 2 _ 2 _ 1 _ 2",112.401871176297
"811","Gauteng",2,2,2,1,"N_ 2 _ 2 _ 2 _ 1","dN_ 2 _ 2 _ 2 _ 1",0
"812","Gauteng",2,2,2,2,"N_ 2 _ 2 _ 2 _ 2","dN_ 2 _ 2 _ 2 _ 2",0
"813","Gauteng",2,2,3,1,"N_ 2 _ 2 _ 3 _ 1","dN_ 2 _ 2 _ 3 _ 1",0
"814","Gauteng",2,2,3,2,"N_ 2 _ 2 _ 3 _ 2","dN_ 2 _ 2 _ 3 _ 2",0
"815","Gauteng",2,2,4,1,"N_ 2 _ 2 _ 4 _ 1","dN_ 2 _ 2 _ 4 _ 1",0
"816","Gauteng",2,2,4,2,"N_ 2 _ 2 _ 4 _ 2","dN_ 2 _ 2 _ 4 _ 2",0
"817","Gauteng",3,1,1,1,"N_ 3 _ 1 _ 1 _ 1","dN_ 3 _ 1 _ 1 _ 1",19955.7675657516
"818","Gauteng",3,1,1,2,"N_ 3 _ 1 _ 1 _ 2","dN_ 3 _ 1 _ 1 _ 2",19564.1701330744
"819","Gauteng",3,1,2,1,"N_ 3 _ 1 _ 2 _ 1","dN_ 3 _ 1 _ 2 _ 1",0
"820","Gauteng",3,1,2,2,"N_ 3 _ 1 _ 2 _ 2","dN_ 3 _ 1 _ 2 _ 2",0
"821","Gauteng",3,1,3,1,"N_ 3 _ 1 _ 3 _ 1","dN_ 3 _ 1 _ 3 _ 1",0
"822","Gauteng",3,1,3,2,"N_ 3 _ 1 _ 3 _ 2","dN_ 3 _ 1 _ 3 _ 2",0
"823","Gauteng",3,1,4,1,"N_ 3 _ 1 _ 4 _ 1","dN_ 3 _ 1 _ 4 _ 1",0
"824","Gauteng",3,1,4,2,"N_ 3 _ 1 _ 4 _ 2","dN_ 3 _ 1 _ 4 _ 2",0
"825","Gauteng",3,2,1,1,"N_ 3 _ 2 _ 1 _ 1","dN_ 3 _ 2 _ 1 _ 1",745.236133160848
"826","Gauteng",3,2,1,2,"N_ 3 _ 2 _ 1 _ 2","dN_ 3 _ 2 _ 1 _ 2",730.61216264593
"827","Gauteng",3,2,2,1,"N_ 3 _ 2 _ 2 _ 1","dN_ 3 _ 2 _ 2 _ 1",0
"828","Gauteng",3,2,2,2,"N_ 3 _ 2 _ 2 _ 2","dN_ 3 _ 2 _ 2 _ 2",0
"829","Gauteng",3,2,3,1,"N_ 3 _ 2 _ 3 _ 1","dN_ 3 _ 2 _ 3 _ 1",0
"830","Gauteng",3,2,3,2,"N_ 3 _ 2 _ 3 _ 2","dN_ 3 _ 2 _ 3 _ 2",0
"831","Gauteng",3,2,4,1,"N_ 3 _ 2 _ 4 _ 1","dN_ 3 _ 2 _ 4 _ 1",0
"832","Gauteng",3,2,4,2,"N_ 3 _ 2 _ 4 _ 2","dN_ 3 _ 2 _ 4 _ 2",0
"833","Gauteng",4,1,1,1,"N_ 4 _ 1 _ 1 _ 1","dN_ 4 _ 1 _ 1 _ 1",0
"834","Gauteng",4,1,1,2,"N_ 4 _ 1 _ 1 _ 2","dN_ 4 _ 1 _ 1 _ 2",0
"835","Gauteng",4,1,2,1,"N_ 4 _ 1 _ 2 _ 1","dN_ 4 _ 1 _ 2 _ 1",0
"836","Gauteng",4,1,2,2,"N_ 4 _ 1 _ 2 _ 2","dN_ 4 _ 1 _ 2 _ 2",0
"837","Gauteng",4,1,3,1,"N_ 4 _ 1 _ 3 _ 1","dN_ 4 _ 1 _ 3 _ 1",0
"838","Gauteng",4,1,3,2,"N_ 4 _ 1 _ 3 _ 2","dN_ 4 _ 1 _ 3 _ 2",0
"839","Gauteng",4,1,4,1,"N_ 4 _ 1 _ 4 _ 1","dN_ 4 _ 1 _ 4 _ 1",0
"840","Gauteng",4,1,4,2,"N_ 4 _ 1 _ 4 _ 2","dN_ 4 _ 1 _ 4 _ 2",0
"841","Gauteng",4,2,1,1,"N_ 4 _ 2 _ 1 _ 1","dN_ 4 _ 2 _ 1 _ 1",0
"842","Gauteng",4,2,1,2,"N_ 4 _ 2 _ 1 _ 2","dN_ 4 _ 2 _ 1 _ 2",0
"843","Gauteng",4,2,2,1,"N_ 4 _ 2 _ 2 _ 1","dN_ 4 _ 2 _ 2 _ 1",0
"844","Gauteng",4,2,2,2,"N_ 4 _ 2 _ 2 _ 2","dN_ 4 _ 2 _ 2 _ 2",0
"845","Gauteng",4,2,3,1,"N_ 4 _ 2 _ 3 _ 1","dN_ 4 _ 2 _ 3 _ 1",0
"846","Gauteng",4,2,3,2,"N_ 4 _ 2 _ 3 _ 2","dN_ 4 _ 2 _ 3 _ 2",0
"847","Gauteng",4,2,4,1,"N_ 4 _ 2 _ 4 _ 1","dN_ 4 _ 2 _ 4 _ 1",0
"848","Gauteng",4,2,4,2,"N_ 4 _ 2 _ 4 _ 2","dN_ 4 _ 2 _ 4 _ 2",0
"849","Gauteng",5,1,1,1,"N_ 5 _ 1 _ 1 _ 1","dN_ 5 _ 1 _ 1 _ 1",0
"850","Gauteng",5,1,1,2,"N_ 5 _ 1 _ 1 _ 2","dN_ 5 _ 1 _ 1 _ 2",0
"851","Gauteng",5,1,2,1,"N_ 5 _ 1 _ 2 _ 1","dN_ 5 _ 1 _ 2 _ 1",0
"852","Gauteng",5,1,2,2,"N_ 5 _ 1 _ 2 _ 2","dN_ 5 _ 1 _ 2 _ 2",0
"853","Gauteng",5,1,3,1,"N_ 5 _ 1 _ 3 _ 1","dN_ 5 _ 1 _ 3 _ 1",0
"854","Gauteng",5,1,3,2,"N_ 5 _ 1 _ 3 _ 2","dN_ 5 _ 1 _ 3 _ 2",0
"855","Gauteng",5,1,4,1,"N_ 5 _ 1 _ 4 _ 1","dN_ 5 _ 1 _ 4 _ 1",0
"856","Gauteng",5,1,4,2,"N_ 5 _ 1 _ 4 _ 2","dN_ 5 _ 1 _ 4 _ 2",0
"857","Gauteng",5,2,1,1,"N_ 5 _ 2 _ 1 _ 1","dN_ 5 _ 2 _ 1 _ 1",0
"858","Gauteng",5,2,1,2,"N_ 5 _ 2 _ 1 _ 2","dN_ 5 _ 2 _ 1 _ 2",0
"859","Gauteng",5,2,2,1,"N_ 5 _ 2 _ 2 _ 1","dN_ 5 _ 2 _ 2 _ 1",0
"860","Gauteng",5,2,2,2,"N_ 5 _ 2 _ 2 _ 2","dN_ 5 _ 2 _ 2 _ 2",0
"861","Gauteng",5,2,3,1,"N_ 5 _ 2 _ 3 _ 1","dN_ 5 _ 2 _ 3 _ 1",0
"862","Gauteng",5,2,3,2,"N_ 5 _ 2 _ 3 _ 2","dN_ 5 _ 2 _ 3 _ 2",0
"863","Gauteng",5,2,4,1,"N_ 5 _ 2 _ 4 _ 1","dN_ 5 _ 2 _ 4 _ 1",0
"864","Gauteng",5,2,4,2,"N_ 5 _ 2 _ 4 _ 2","dN_ 5 _ 2 _ 4 _ 2",0
"865","Gauteng",6,1,1,1,"N_ 6 _ 1 _ 1 _ 1","dN_ 6 _ 1 _ 1 _ 1",111.039373283916
"866","Gauteng",6,1,1,2,"N_ 6 _ 1 _ 1 _ 2","dN_ 6 _ 1 _ 1 _ 2",463.689964929184
"867","Gauteng",6,1,2,1,"N_ 6 _ 1 _ 2 _ 1","dN_ 6 _ 1 _ 2 _ 1",0
"868","Gauteng",6,1,2,2,"N_ 6 _ 1 _ 2 _ 2","dN_ 6 _ 1 _ 2 _ 2",0
"869","Gauteng",6,1,3,1,"N_ 6 _ 1 _ 3 _ 1","dN_ 6 _ 1 _ 3 _ 1",0
"870","Gauteng",6,1,3,2,"N_ 6 _ 1 _ 3 _ 2","dN_ 6 _ 1 _ 3 _ 2",0
"871","Gauteng",6,1,4,1,"N_ 6 _ 1 _ 4 _ 1","dN_ 6 _ 1 _ 4 _ 1",0
"872","Gauteng",6,1,4,2,"N_ 6 _ 1 _ 4 _ 2","dN_ 6 _ 1 _ 4 _ 2",0
"873","Gauteng",6,2,1,1,"N_ 6 _ 2 _ 1 _ 1","dN_ 6 _ 2 _ 1 _ 1",0.384826271354678
"874","Gauteng",6,2,1,2,"N_ 6 _ 2 _ 1 _ 2","dN_ 6 _ 2 _ 1 _ 2",1.29094147681189
"875","Gauteng",6,2,2,1,"N_ 6 _ 2 _ 2 _ 1","dN_ 6 _ 2 _ 2 _ 1",0
"876","Gauteng",6,2,2,2,"N_ 6 _ 2 _ 2 _ 2","dN_ 6 _ 2 _ 2 _ 2",0
"877","Gauteng",6,2,3,1,"N_ 6 _ 2 _ 3 _ 1","dN_ 6 _ 2 _ 3 _ 1",0
"878","Gauteng",6,2,3,2,"N_ 6 _ 2 _ 3 _ 2","dN_ 6 _ 2 _ 3 _ 2",0
"879","Gauteng",6,2,4,1,"N_ 6 _ 2 _ 4 _ 1","dN_ 6 _ 2 _ 4 _ 1",0
"880","Gauteng",6,2,4,2,"N_ 6 _ 2 _ 4 _ 2","dN_ 6 _ 2 _ 4 _ 2",0
"881","Gauteng",7,1,1,1,"N_ 7 _ 1 _ 1 _ 1","dN_ 7 _ 1 _ 1 _ 1",0
"882","Gauteng",7,1,1,2,"N_ 7 _ 1 _ 1 _ 2","dN_ 7 _ 1 _ 1 _ 2",0
"883","Gauteng",7,1,2,1,"N_ 7 _ 1 _ 2 _ 1","dN_ 7 _ 1 _ 2 _ 1",0
"884","Gauteng",7,1,2,2,"N_ 7 _ 1 _ 2 _ 2","dN_ 7 _ 1 _ 2 _ 2",0
"885","Gauteng",7,1,3,1,"N_ 7 _ 1 _ 3 _ 1","dN_ 7 _ 1 _ 3 _ 1",0
"886","Gauteng",7,1,3,2,"N_ 7 _ 1 _ 3 _ 2","dN_ 7 _ 1 _ 3 _ 2",0
"887","Gauteng",7,1,4,1,"N_ 7 _ 1 _ 4 _ 1","dN_ 7 _ 1 _ 4 _ 1",0
"888","Gauteng",7,1,4,2,"N_ 7 _ 1 _ 4 _ 2","dN_ 7 _ 1 _ 4 _ 2",0
"889","Gauteng",7,2,1,1,"N_ 7 _ 2 _ 1 _ 1","dN_ 7 _ 2 _ 1 _ 1",0
"890","Gauteng",7,2,1,2,"N_ 7 _ 2 _ 1 _ 2","dN_ 7 _ 2 _ 1 _ 2",0
"891","Gauteng",7,2,2,1,"N_ 7 _ 2 _ 2 _ 1","dN_ 7 _ 2 _ 2 _ 1",0
"892","Gauteng",7,2,2,2,"N_ 7 _ 2 _ 2 _ 2","dN_ 7 _ 2 _ 2 _ 2",0
"893","Gauteng",7,2,3,1,"N_ 7 _ 2 _ 3 _ 1","dN_ 7 _ 2 _ 3 _ 1",0
"894","Gauteng",7,2,3,2,"N_ 7 _ 2 _ 3 _ 2","dN_ 7 _ 2 _ 3 _ 2",0
"895","Gauteng",7,2,4,1,"N_ 7 _ 2 _ 4 _ 1","dN_ 7 _ 2 _ 4 _ 1",0
"896","Gauteng",7,2,4,2,"N_ 7 _ 2 _ 4 _ 2","dN_ 7 _ 2 _ 4 _ 2",0
"897","Free State",1,1,1,1,"N_ 1 _ 1 _ 1 _ 1","dN_ 1 _ 1 _ 1 _ 1",25092.6654262868
"898","Free State",1,1,1,2,"N_ 1 _ 1 _ 1 _ 2","dN_ 1 _ 1 _ 1 _ 2",26174.3682178662
"899","Free State",1,1,2,1,"N_ 1 _ 1 _ 2 _ 1","dN_ 1 _ 1 _ 2 _ 1",0
"900","Free State",1,1,2,2,"N_ 1 _ 1 _ 2 _ 2","dN_ 1 _ 1 _ 2 _ 2",0
"901","Free State",1,1,3,1,"N_ 1 _ 1 _ 3 _ 1","dN_ 1 _ 1 _ 3 _ 1",0
"902","Free State",1,1,3,2,"N_ 1 _ 1 _ 3 _ 2","dN_ 1 _ 1 _ 3 _ 2",0
"903","Free State",1,1,4,1,"N_ 1 _ 1 _ 4 _ 1","dN_ 1 _ 1 _ 4 _ 1",0
"904","Free State",1,1,4,2,"N_ 1 _ 1 _ 4 _ 2","dN_ 1 _ 1 _ 4 _ 2",0
"905","Free State",1,2,1,1,"N_ 1 _ 2 _ 1 _ 1","dN_ 1 _ 2 _ 1 _ 1",0
"906","Free State",1,2,1,2,"N_ 1 _ 2 _ 1 _ 2","dN_ 1 _ 2 _ 1 _ 2",0
"907","Free State",1,2,2,1,"N_ 1 _ 2 _ 2 _ 1","dN_ 1 _ 2 _ 2 _ 1",0
"908","Free State",1,2,2,2,"N_ 1 _ 2 _ 2 _ 2","dN_ 1 _ 2 _ 2 _ 2",0
"909","Free State",1,2,3,1,"N_ 1 _ 2 _ 3 _ 1","dN_ 1 _ 2 _ 3 _ 1",0
"910","Free State",1,2,3,2,"N_ 1 _ 2 _ 3 _ 2","dN_ 1 _ 2 _ 3 _ 2",0
"911","Free State",1,2,4,1,"N_ 1 _ 2 _ 4 _ 1","dN_ 1 _ 2 _ 4 _ 1",0
"912","Free State",1,2,4,2,"N_ 1 _ 2 _ 4 _ 2","dN_ 1 _ 2 _ 4 _ 2",0
"913","Free State",2,1,1,1,"N_ 2 _ 1 _ 1 _ 1","dN_ 2 _ 1 _ 1 _ 1",3007.6011761071
"914","Free State",2,1,1,2,"N_ 2 _ 1 _ 1 _ 2","dN_ 2 _ 1 _ 1 _ 2",3171.55288959135
"915","Free State",2,1,2,1,"N_ 2 _ 1 _ 2 _ 1","dN_ 2 _ 1 _ 2 _ 1",0
"916","Free State",2,1,2,2,"N_ 2 _ 1 _ 2 _ 2","dN_ 2 _ 1 _ 2 _ 2",0
"917","Free State",2,1,3,1,"N_ 2 _ 1 _ 3 _ 1","dN_ 2 _ 1 _ 3 _ 1",0
"918","Free State",2,1,3,2,"N_ 2 _ 1 _ 3 _ 2","dN_ 2 _ 1 _ 3 _ 2",0
"919","Free State",2,1,4,1,"N_ 2 _ 1 _ 4 _ 1","dN_ 2 _ 1 _ 4 _ 1",0
"920","Free State",2,1,4,2,"N_ 2 _ 1 _ 4 _ 2","dN_ 2 _ 1 _ 4 _ 2",0
"921","Free State",2,2,1,1,"N_ 2 _ 2 _ 1 _ 1","dN_ 2 _ 2 _ 1 _ 1",112.317056369145
"922","Free State",2,2,1,2,"N_ 2 _ 2 _ 1 _ 2","dN_ 2 _ 2 _ 1 _ 2",118.439734466067
"923","Free State",2,2,2,1,"N_ 2 _ 2 _ 2 _ 1","dN_ 2 _ 2 _ 2 _ 1",0
"924","Free State",2,2,2,2,"N_ 2 _ 2 _ 2 _ 2","dN_ 2 _ 2 _ 2 _ 2",0
"925","Free State",2,2,3,1,"N_ 2 _ 2 _ 3 _ 1","dN_ 2 _ 2 _ 3 _ 1",0
"926","Free State",2,2,3,2,"N_ 2 _ 2 _ 3 _ 2","dN_ 2 _ 2 _ 3 _ 2",0
"927","Free State",2,2,4,1,"N_ 2 _ 2 _ 4 _ 1","dN_ 2 _ 2 _ 4 _ 1",0
"928","Free State",2,2,4,2,"N_ 2 _ 2 _ 4 _ 2","dN_ 2 _ 2 _ 4 _ 2",0
"929","Free State",3,1,1,1,"N_ 3 _ 1 _ 1 _ 1","dN_ 3 _ 1 _ 1 _ 1",19549.4076446962
"930","Free State",3,1,1,2,"N_ 3 _ 1 _ 1 _ 2","dN_ 3 _ 1 _ 1 _ 2",20615.0937823438
"931","Free State",3,1,2,1,"N_ 3 _ 1 _ 2 _ 1","dN_ 3 _ 1 _ 2 _ 1",0
"932","Free State",3,1,2,2,"N_ 3 _ 1 _ 2 _ 2","dN_ 3 _ 1 _ 2 _ 2",0
"933","Free State",3,1,3,1,"N_ 3 _ 1 _ 3 _ 1","dN_ 3 _ 1 _ 3 _ 1",0
"934","Free State",3,1,3,2,"N_ 3 _ 1 _ 3 _ 2","dN_ 3 _ 1 _ 3 _ 2",0
"935","Free State",3,1,4,1,"N_ 3 _ 1 _ 4 _ 1","dN_ 3 _ 1 _ 4 _ 1",0
"936","Free State",3,1,4,2,"N_ 3 _ 1 _ 4 _ 2","dN_ 3 _ 1 _ 4 _ 2",0
"937","Free State",3,2,1,1,"N_ 3 _ 2 _ 1 _ 1","dN_ 3 _ 2 _ 1 _ 1",730.060866399441
"938","Free State",3,2,1,2,"N_ 3 _ 2 _ 1 _ 2","dN_ 3 _ 2 _ 1 _ 2",769.858274029435
"939","Free State",3,2,2,1,"N_ 3 _ 2 _ 2 _ 1","dN_ 3 _ 2 _ 2 _ 1",0
"940","Free State",3,2,2,2,"N_ 3 _ 2 _ 2 _ 2","dN_ 3 _ 2 _ 2 _ 2",0
"941","Free State",3,2,3,1,"N_ 3 _ 2 _ 3 _ 1","dN_ 3 _ 2 _ 3 _ 1",0
"942","Free State",3,2,3,2,"N_ 3 _ 2 _ 3 _ 2","dN_ 3 _ 2 _ 3 _ 2",0
"943","Free State",3,2,4,1,"N_ 3 _ 2 _ 4 _ 1","dN_ 3 _ 2 _ 4 _ 1",0
"944","Free State",3,2,4,2,"N_ 3 _ 2 _ 4 _ 2","dN_ 3 _ 2 _ 4 _ 2",0
"945","Free State",4,1,1,1,"N_ 4 _ 1 _ 1 _ 1","dN_ 4 _ 1 _ 1 _ 1",0
"946","Free State",4,1,1,2,"N_ 4 _ 1 _ 1 _ 2","dN_ 4 _ 1 _ 1 _ 2",0
"947","Free State",4,1,2,1,"N_ 4 _ 1 _ 2 _ 1","dN_ 4 _ 1 _ 2 _ 1",0
"948","Free State",4,1,2,2,"N_ 4 _ 1 _ 2 _ 2","dN_ 4 _ 1 _ 2 _ 2",0
"949","Free State",4,1,3,1,"N_ 4 _ 1 _ 3 _ 1","dN_ 4 _ 1 _ 3 _ 1",0
"950","Free State",4,1,3,2,"N_ 4 _ 1 _ 3 _ 2","dN_ 4 _ 1 _ 3 _ 2",0
"951","Free State",4,1,4,1,"N_ 4 _ 1 _ 4 _ 1","dN_ 4 _ 1 _ 4 _ 1",0
"952","Free State",4,1,4,2,"N_ 4 _ 1 _ 4 _ 2","dN_ 4 _ 1 _ 4 _ 2",0
"953","Free State",4,2,1,1,"N_ 4 _ 2 _ 1 _ 1","dN_ 4 _ 2 _ 1 _ 1",0
"954","Free State",4,2,1,2,"N_ 4 _ 2 _ 1 _ 2","dN_ 4 _ 2 _ 1 _ 2",0
"955","Free State",4,2,2,1,"N_ 4 _ 2 _ 2 _ 1","dN_ 4 _ 2 _ 2 _ 1",0
"956","Free State",4,2,2,2,"N_ 4 _ 2 _ 2 _ 2","dN_ 4 _ 2 _ 2 _ 2",0
"957","Free State",4,2,3,1,"N_ 4 _ 2 _ 3 _ 1","dN_ 4 _ 2 _ 3 _ 1",0
"958","Free State",4,2,3,2,"N_ 4 _ 2 _ 3 _ 2","dN_ 4 _ 2 _ 3 _ 2",0
"959","Free State",4,2,4,1,"N_ 4 _ 2 _ 4 _ 1","dN_ 4 _ 2 _ 4 _ 1",0
"960","Free State",4,2,4,2,"N_ 4 _ 2 _ 4 _ 2","dN_ 4 _ 2 _ 4 _ 2",0
"961","Free State",5,1,1,1,"N_ 5 _ 1 _ 1 _ 1","dN_ 5 _ 1 _ 1 _ 1",0
"962","Free State",5,1,1,2,"N_ 5 _ 1 _ 1 _ 2","dN_ 5 _ 1 _ 1 _ 2",0
"963","Free State",5,1,2,1,"N_ 5 _ 1 _ 2 _ 1","dN_ 5 _ 1 _ 2 _ 1",0
"964","Free State",5,1,2,2,"N_ 5 _ 1 _ 2 _ 2","dN_ 5 _ 1 _ 2 _ 2",0
"965","Free State",5,1,3,1,"N_ 5 _ 1 _ 3 _ 1","dN_ 5 _ 1 _ 3 _ 1",0
"966","Free State",5,1,3,2,"N_ 5 _ 1 _ 3 _ 2","dN_ 5 _ 1 _ 3 _ 2",0
"967","Free State",5,1,4,1,"N_ 5 _ 1 _ 4 _ 1","dN_ 5 _ 1 _ 4 _ 1",0
"968","Free State",5,1,4,2,"N_ 5 _ 1 _ 4 _ 2","dN_ 5 _ 1 _ 4 _ 2",0
"969","Free State",5,2,1,1,"N_ 5 _ 2 _ 1 _ 1","dN_ 5 _ 2 _ 1 _ 1",0
"970","Free State",5,2,1,2,"N_ 5 _ 2 _ 1 _ 2","dN_ 5 _ 2 _ 1 _ 2",0
"971","Free State",5,2,2,1,"N_ 5 _ 2 _ 2 _ 1","dN_ 5 _ 2 _ 2 _ 1",0
"972","Free State",5,2,2,2,"N_ 5 _ 2 _ 2 _ 2","dN_ 5 _ 2 _ 2 _ 2",0
"973","Free State",5,2,3,1,"N_ 5 _ 2 _ 3 _ 1","dN_ 5 _ 2 _ 3 _ 1",0
"974","Free State",5,2,3,2,"N_ 5 _ 2 _ 3 _ 2","dN_ 5 _ 2 _ 3 _ 2",0
"975","Free State",5,2,4,1,"N_ 5 _ 2 _ 4 _ 1","dN_ 5 _ 2 _ 4 _ 1",0
"976","Free State",5,2,4,2,"N_ 5 _ 2 _ 4 _ 2","dN_ 5 _ 2 _ 4 _ 2",0
"977","Free State",6,1,1,1,"N_ 6 _ 1 _ 1 _ 1","dN_ 6 _ 1 _ 1 _ 1",112.904723974479
"978","Free State",6,1,1,2,"N_ 6 _ 1 _ 1 _ 2","dN_ 6 _ 1 _ 1 _ 2",543.644208493865
"979","Free State",6,1,2,1,"N_ 6 _ 1 _ 2 _ 1","dN_ 6 _ 1 _ 2 _ 1",0
"980","Free State",6,1,2,2,"N_ 6 _ 1 _ 2 _ 2","dN_ 6 _ 1 _ 2 _ 2",0
"981","Free State",6,1,3,1,"N_ 6 _ 1 _ 3 _ 1","dN_ 6 _ 1 _ 3 _ 1",0
"982","Free State",6,1,3,2,"N_ 6 _ 1 _ 3 _ 2","dN_ 6 _ 1 _ 3 _ 2",0
"983","Free State",6,1,4,1,"N_ 6 _ 1 _ 4 _ 1","dN_ 6 _ 1 _ 4 _ 1",0
"984","Free State",6,1,4,2,"N_ 6 _ 1 _ 4 _ 2","dN_ 6 _ 1 _ 4 _ 2",0
"985","Free State",6,2,1,1,"N_ 6 _ 2 _ 1 _ 1","dN_ 6 _ 2 _ 1 _ 1",0.445371740352286
"986","Free State",6,2,1,2,"N_ 6 _ 2 _ 1 _ 2","dN_ 6 _ 2 _ 1 _ 2",1.64062763588217
"987","Free State",6,2,2,1,"N_ 6 _ 2 _ 2 _ 1","dN_ 6 _ 2 _ 2 _ 1",0
"988","Free State",6,2,2,2,"N_ 6 _ 2 _ 2 _ 2","dN_ 6 _ 2 _ 2 _ 2",0
"989","Free State",6,2,3,1,"N_ 6 _ 2 _ 3 _ 1","dN_ 6 _ 2 _ 3 _ 1",0
"990","Free State",6,2,3,2,"N_ 6 _ 2 _ 3 _ 2","dN_ 6 _ 2 _ 3 _ 2",0
"991","Free State",6,2,4,1,"N_ 6 _ 2 _ 4 _ 1","dN_ 6 _ 2 _ 4 _ 1",0
"992","Free State",6,2,4,2,"N_ 6 _ 2 _ 4 _ 2","dN_ 6 _ 2 _ 4 _ 2",0
"993","Free State",7,1,1,1,"N_ 7 _ 1 _ 1 _ 1","dN_ 7 _ 1 _ 1 _ 1",0
"994","Free State",7,1,1,2,"N_ 7 _ 1 _ 1 _ 2","dN_ 7 _ 1 _ 1 _ 2",0
"995","Free State",7,1,2,1,"N_ 7 _ 1 _ 2 _ 1","dN_ 7 _ 1 _ 2 _ 1",0
"996","Free State",7,1,2,2,"N_ 7 _ 1 _ 2 _ 2","dN_ 7 _ 1 _ 2 _ 2",0
"997","Free State",7,1,3,1,"N_ 7 _ 1 _ 3 _ 1","dN_ 7 _ 1 _ 3 _ 1",0
"998","Free State",7,1,3,2,"N_ 7 _ 1 _ 3 _ 2","dN_ 7 _ 1 _ 3 _ 2",0
"999","Free State",7,1,4,1,"N_ 7 _ 1 _ 4 _ 1","dN_ 7 _ 1 _ 4 _ 1",0
"1000","Free State",7,1,4,2,"N_ 7 _ 1 _ 4 _ 2","dN_ 7 _ 1 _ 4 _ 2",0
"1001","Free State",7,2,1,1,"N_ 7 _ 2 _ 1 _ 1","dN_ 7 _ 2 _ 1 _ 1",0
"1002","Free State",7,2,1,2,"N_ 7 _ 2 _ 1 _ 2","dN_ 7 _ 2 _ 1 _ 2",0
"1003","Free State",7,2,2,1,"N_ 7 _ 2 _ 2 _ 1","dN_ 7 _ 2 _ 2 _ 1",0
"1004","Free State",7,2,2,2,"N_ 7 _ 2 _ 2 _ 2","dN_ 7 _ 2 _ 2 _ 2",0
"1005","Free State",7,2,3,1,"N_ 7 _ 2 _ 3 _ 1","dN_ 7 _ 2 _ 3 _ 1",0
"1006","Free State",7,2,3,2,"N_ 7 _ 2 _ 3 _ 2","dN_ 7 _ 2 _ 3 _ 2",0
"1007","Free State",7,2,4,1,"N_ 7 _ 2 _ 4 _ 1","dN_ 7 _ 2 _ 4 _ 1",0
"1008","Free State",7,2,4,2,"N_ 7 _ 2 _ 4 _ 2","dN_ 7 _ 2 _ 4 _ 2",0
